mojombo,30daysoflaptopsgithubio,nullCSS,2,7,0,7,1197,null2014-11-20T064206Z,2021-04-03T101542Z,
mojombo,asteroids,Destroy your Atom editor Asteroids style,JavaScript,14,94,3,94,185,Other,2014-03-03T074000Z,2022-08-06T021322Z,
mojombo,benbaltergithubcom,The personal website of Ben Balter Built using Jekyll and GitHub Pages See humanstxt for more infos,CSS,7,5,0,5,20836,null2015-01-27T235405Z,2021-01-13T194445Z,
mojombo,bert,BERT Binary ERlang Term serialization library for Ruby,Ruby,71,204,11,204,186,MIT License,2009-10-08T060625Z,2022-11-01T190827Z,
mojombo,berterl,Erlang BERT encoderdecoder,Erlang,49,96,5,96,246,MIT License,2009-12-21T021034Z,2022-06-13T072051Z,
mojombo,bertrpc,BERTRPC is a Ruby BERT-RPC client library,Ruby,30,160,0,160,260,MIT License,2009-05-19T024401Z,2022-10-23T063850Z,
mojombo,bower,A package manager for the web,JavaScript,3,5,0,5,333,MIT License,2012-11-13T023234Z,2021-06-05T123206Z,
mojombo,chronic,Chronic is a pure Ruby natural language date parser,Ruby,464,3153,144,3153,681,MIT License,2008-01-29T064849Z,2022-11-09T130638Z,
mojombo,clippy,Clippy is a very simple Flash widget that makes it possible to place arbitrary text onto the clients clipboard,null176,944,23,944,239,MIT License,2009-02-13T185910Z,2022-08-14T121204Z,
mojombo,conceptual_algorithms,nullnull2,4,0,4,1916,null2008-09-20T045425Z,2021-01-13T192538Z,
mojombo,cubesixel,A pixel font native size 7x7 I made in a different life,null4,24,1,24,154,MIT License,2009-03-05T000025Z,2022-11-03T073358Z,
mojombo,docz-website,nullTypeScript,0,0,0,0,1360,null2018-11-10T060754Z,2022-07-01T075857Z,
mojombo,egitd,The Erlang git-daemon,Erlang,18,111,1,111,270,MIT License,2008-05-24T203613Z,2022-10-04T095856Z,
mojombo,endo,Test repo for talk,null2,3,0,3,84,null2009-02-23T224851Z,2021-01-13T192606Z,
mojombo,erlang_pipe,A pipe implementation in pure Erlang,Erlang,3,19,0,19,77,null2008-07-01T164014Z,2021-01-13T192534Z,
mojombo,erlectricity,Erlectricity exposes Ruby to Erlang and vice versa,Ruby,56,340,4,340,200,MIT License,2008-03-08T013213Z,2022-11-01T190827Z,
mojombo,erlectricity-presentation,nullnull4,4,0,4,12989,null2009-04-30T070501Z,2021-01-13T192618Z,
mojombo,erlenmeyer,A binding between erlang and mzscheme,Scheme,0,7,0,7,93,null2008-02-28T031749Z,2021-01-13T192522Z,
mojombo,ernie,Ernie is an ErlangRuby BERT-RPC Server,Erlang,54,450,9,450,277,MIT License,2009-05-19T015140Z,2022-11-09T233601Z,
mojombo,eventmachine,EventMachine fast simple event-processing library for Ruby programs,Ruby,4,10,0,10,1378,null2009-10-04T202434Z,2021-01-13T192711Z,
mojombo,fakegem,This is a fake gem so I can test GitHubs gem building when I need to,Ruby,1,3,0,3,84,MIT License,2009-02-14T014853Z,2021-01-13T192605Z,
mojombo,fixture-scenarios,This plugin allows you to create scenarios which are collections of fixtures and ruby files that represent a context against which you can run tests,Ruby,16,17,1,17,91,MIT License,2008-02-23T042557Z,2022-11-01T190827Z,
mojombo,git,GitHub mirror of the publicly available git repo updated hourly  Its here so we can use the collaboration tools of GitHub Updates ONLY from git public repo  If you want changes pulled contact the git team not me,C,5,10,0,10,15879,Other,2008-10-31T225751Z,2021-01-13T192551Z,
mojombo,git-bzr,A bidirectional Git - Bazaar gateway,null2,7,0,7,90,null2008-09-16T200423Z,2021-01-13T192538Z,
mojombo,github-flavored-markdown,GitHubs Flavor of Markdown,null89,184,36,184,127,null2009-04-10T215708Z,2022-10-26T113116Z,
mojombo,github-gem,The official github command line helper for simplifying your GitHub experience,Ruby,0,5,0,5,238,MIT License,2008-09-30T222914Z,2021-01-13T192538Z,
mojombo,glowstick,A realtime OpenGL graphing library for Ruby,Ruby,13,33,1,33,86,null2008-01-17T004056Z,2022-06-01T162143Z,
mojombo,god,Ruby process monitor,Ruby,514,2196,120,2196,2639,MIT License,2008-01-13T051623Z,2022-11-10T014212Z,
mojombo,gollum-demo,Gollum test repo,Perl,214,75,3,75,2386,null2010-08-04T234922Z,2022-11-01T190827Z,
mojombo,grit,Grit is no longer maintained Check out libgit2rugged Grit gives you object oriented readwrite access to Git repositories via Ruby,Ruby,542,1959,30,1959,7954,MIT License,2007-10-29T143716Z,2022-11-12T053335Z,
defunkt,ace,Ajaxorg Cloud9 Editor,JavaScript,7,16,0,16,4405,Other,2011-06-07T184140Z,2022-02-13T212430Z,
defunkt,acts_as_textiled,Makes your models act as textiled,Ruby,35,114,4,114,333,MIT License,2008-03-12T062018Z,2021-01-13T192523Z,
defunkt,ambition,include Enumerable ‚Äî Unmaintained,Ruby,25,165,1,165,473,MIT License,2008-01-14T062856Z,2022-08-22T212037Z,
defunkt,ambitious_activeldap,Ambition adapter for ActiveLdap,Ruby,6,9,0,9,96,MIT License,2008-01-30T192008Z,2022-01-30T151726Z,
defunkt,ambitious_activerecord,Unmaintained Ambitious ActiveRecord adapter for Ambition,Ruby,4,13,1,13,95,MIT License,2008-04-26T091020Z,2021-01-13T192526Z,
defunkt,barefootexamples,nullRuby,5,6,0,6,83,null2008-03-17T062950Z,2021-01-13T192523Z,
defunkt,body_matcher,Simplify your view testing Forget assert_select,Ruby,2,9,0,9,85,MIT License,2008-05-11T045444Z,2021-01-13T192526Z,
defunkt,burn,Sinatra = Campfire,null3,6,0,6,82,null2009-08-26T013154Z,2021-01-13T192656Z,
defunkt,cache_fu,Ghost from Christmas past Unmaintained,Ruby,78,254,6,254,105,MIT License,2008-01-23T002810Z,2022-04-20T085426Z,
defunkt,cheat,Cheating is fun,Ruby,44,238,3,238,235,MIT License,2008-03-12T060909Z,2022-06-30T102812Z,
defunkt,cheatel,Cheat Emacs mode,Emacs Lisp,4,14,0,14,120,null2008-08-23T060137Z,2021-01-13T192536Z,
defunkt,choice,Choice is a gem for defining and parsing command line options with a friendly DSL,Ruby,23,176,1,176,145,MIT License,2008-04-25T183030Z,2022-07-24T173815Z,
defunkt,cijoe,CI Joe is a fun Continuous Integration server Unmaintained,Ruby,138,1050,17,1050,425,MIT License,2009-08-06T002039Z,2022-11-09T182348Z,
defunkt,coffee-mode,Emacs Major Mode for CoffeeScript,Emacs Lisp,156,569,14,569,811,null2010-03-07T083040Z,2022-09-18T171641Z,
defunkt,colored,Colors in your terminal Unmaintained,Ruby,44,268,7,268,120,MIT License,2009-11-28T061620Z,2022-11-04T132136Z,
defunkt,currency_converter,nullObjective-C,4,8,0,8,374,null2008-04-24T093431Z,2021-01-13T192526Z,
defunkt,d3,A JavaScript visualization library for HTML and SVG,JavaScript,1,4,0,4,34521,Other,2014-04-08T184526Z,2021-01-13T194136Z,
defunkt,defunktgithubcom,My GitHub Page,null56,75,4,75,3011,null2008-12-17T075314Z,2022-06-30T102750Z,
defunkt,djangode,Utilities functions for nodejs that borrow some useful concepts from Django,JavaScript,3,9,0,9,191,BSD 2-Clause "Simplified" License,2010-04-25T164130Z,2021-01-13T192852Z,
defunkt,dodgeballgithubcom,yes,Ruby,6,10,0,10,534,null2011-09-24T030109Z,2021-01-13T193239Z,
defunkt,dotenv,Loads environment variables from env ,Ruby,3,10,0,10,75,MIT License,2012-07-24T214319Z,2021-01-13T193459Z,
defunkt,dotjs,js,Ruby,368,3165,25,3165,579,MIT License,2011-02-07T070133Z,2022-11-11T015736Z,
defunkt,electron-wordwrap,nullnull4,5,0,5,76,null2008-10-29T200317Z,2021-01-13T192551Z,
defunkt,emacs,My Emacs config,Emacs Lisp,45,186,0,186,1705,null2008-08-19T105019Z,2022-06-16T125957Z,
defunkt,email_reply_parser,nullRuby,5,7,0,7,137,MIT License,2011-12-16T231305Z,2021-01-13T193317Z,
defunkt,evilbot,an evil bot thats definitely not for convore,CoffeeScript,16,49,0,49,156,MIT License,2010-12-14T080911Z,2022-10-23T140728Z,
defunkt,exception_logger,Unmaintained Sorry,Ruby,92,242,2,242,232,null2008-01-14T033219Z,2022-09-10T091319Z,
defunkt,facebox,Facebook-style lightbox built in jQuery,JavaScript,413,1935,27,1935,1174,MIT License,2008-02-11T224927Z,2022-11-09T220103Z,
defunkt,faceup,More than just mustaches,JavaScript,6,10,1,10,1994,MIT License,2012-07-28T021156Z,2021-01-13T193506Z,
defunkt,fixture_scenarios_builder,Build your fixtures in Ruby,Ruby,6,14,0,14,96,MIT License,2008-03-12T062402Z,2021-01-13T192523Z,
pjhyett,auto_migrations,Rails plugin for automating migrations,Ruby,44,148,1,148,118,MIT License,2008-03-16T004424Z,2022-03-31T070709Z,
pjhyett,blackjax,buzzword-powered blackjack game,Ruby,9,10,0,10,170,null2009-01-21T204527Z,2021-02-21T063954Z,
pjhyett,errcount,simple mongrel handler for a sweet hit counter,Ruby,11,8,2,8,109,null2008-02-15T210730Z,2022-08-14T121203Z,
pjhyett,git-server,pure ruby version of git daemon server functions,Ruby,2,2,0,2,80,null2012-08-03T055417Z,2021-02-21T063956Z,
pjhyett,github-services,Moved to httpgithubcomgithubgithub-services,Ruby,54,408,0,408,2256,null2008-04-28T234121Z,2022-10-04T095908Z,
pjhyett,ThoughtStream,rails-powered tumblelog i wrote in 2007,Ruby,7,6,0,6,300,null2010-03-13T221726Z,2021-01-13T192826Z,
pjhyett,vjot,The greatest jotting web app of all time,JavaScript,15,8,2,8,1698,null2008-02-15T205507Z,2021-07-13T192059Z,
pjhyett,zoned,Rails plugin for dead-simple timezone support,Ruby,5,10,0,10,86,MIT License,2008-05-01T061157Z,2021-01-13T192526Z,
wycats,abbot-from-scratch,nullRuby,4,9,1,9,213,null2010-11-28T174944Z,2021-07-07T053530Z,
wycats,abbot-ng,a place to store my in-progress work on the redone SproutCore build tools,Ruby,2,3,0,3,102,null2010-09-15T042523Z,2021-07-07T053752Z,
wycats,activerecord-import,Extraction of the ActiveRecordBaseimport functionality from ar-extensions for Rails 3 and beyon,Ruby,1,3,0,3,3825,null2012-01-03T072610Z,2021-07-07T053755Z,
wycats,active_params,nullnull1,8,0,8,89,MIT License,2010-04-02T073246Z,2021-07-07T054100Z,
wycats,agendas,TC39 meeting agendas,null1,1,0,1,191,null2014-04-05T165708Z,2022-01-19T182043Z,
wycats,alexandria,Ruby bindings to the Google Data API,Ruby,2,11,0,11,103,null2010-03-24T070730Z,2021-07-07T054107Z,
wycats,allocation_counter,nullRuby,2,8,0,8,102,MIT License,2013-11-05T021829Z,2021-07-07T054112Z,
wycats,argon,nullRust,1,13,5,13,437,null2018-06-17T063341Z,2021-07-07T054117Z,
wycats,argon-example,nullnull0,2,0,2,0,null2018-06-28T064838Z,2021-07-07T054119Z,
wycats,artifice,Replaces NetHTTP with a subclass that routes all requests to a Rack application,Ruby,14,216,11,216,15,MIT License,2010-03-25T013642Z,2021-07-07T054123Z,
wycats,asdf,Make the current directory available on port 9292,Ruby,5,35,3,35,202,null2010-08-17T004223Z,2022-04-02T092315Z,
wycats,at-media,The code from my media talk,null2,4,0,4,117,null2008-09-16T105647Z,2021-07-07T054131Z,
wycats,atom-pain-split,Adds additional pane-splitting commands to your favorite editor provided your favorite editor is Atom,CoffeeScript,1,1,0,1,249,GNU Affero General Public License v30,2015-09-28T034207Z,2021-07-07T054136Z,
wycats,bench-backburner,Benchmark backburner,TypeScript,0,1,0,1,184,null2017-03-31T190800Z,2021-07-07T054138Z,
wycats,benchwarmer,Prettier Benchmarking for Ruby,Ruby,5,32,0,32,93,MIT License,2008-05-03T212210Z,2021-07-07T054143Z,
wycats,blue-ridge,JavaScript BDD Rails Plugin using ScrewUnit amp envjs,Ruby,1,22,0,22,10494,MIT License,2009-05-03T213935Z,2021-07-07T054147Z,
wycats,bootstrap-nitrous,nullRuby,1,3,0,3,112,MIT License,2013-10-13T075638Z,2021-07-07T054152Z,
wycats,broccoli-concat,Concatenate broccoli trees,JavaScript,1,1,0,1,113,MIT License,2016-01-06T200105Z,2021-07-07T054154Z,
wycats,broccoli-typescript-compiler,nullTypeScript,0,1,0,1,499,MIT License,2019-07-10T231612Z,2021-07-07T054156Z,
wycats,bundler,nullRuby,31,409,80,409,717,null2009-07-06T220844Z,2022-06-07T180550Z,
wycats,cafe,Brewing up some JavaScript,JavaScript,1,4,0,4,1165,null2011-06-17T163859Z,2021-07-07T054204Z,
wycats,cargo,Cargo Experiments,Rust,1,2,0,2,8733,Apache License 20,2014-06-26T221801Z,2021-07-07T054208Z,
wycats,cargo-docserve,Build serve and watch rust documentation,null0,0,0,0,31,null2021-10-26T141519Z,2021-10-26T141520Z,
wycats,cargo-website,nullCSS,18,7,4,7,11027,null2014-06-23T033427Z,2022-04-21T101200Z,
wycats,chacha,nullRust,0,2,0,2,4,null2021-02-25T235846Z,2021-07-07T054213Z,
wycats,chainable_compare,nullRuby,2,12,0,12,90,null2010-07-14T002155Z,2021-07-07T054217Z,
wycats,changesets,ü¶ã       A way to manage your versioning and changelogs with a focus on monorepos,null0,0,0,0,3665,MIT License,2022-06-21T185528Z,2022-06-22T095032Z,
wycats,codespaces-setup,nullShell,0,0,0,0,13,MIT License,2022-05-26T210202Z,2022-05-26T231558Z,
wycats,codespan,Utilities for dealing with source code locations and pretty diagnostic formatting,Rust,0,2,0,2,272,Apache License 20,2018-07-08T175121Z,2021-07-07T054220Z,
wycats,color-rs,A library that provides types and conversions for working with various color formats,Rust,1,1,0,1,1271,Apache License 20,2014-06-23T025631Z,2021-07-07T054226Z,
ezmobius,acl_system2,An access control plugin for Rails,Ruby,15,56,1,56,113,MIT License,2008-03-25T190013Z,2022-05-03T090547Z,
ezmobius,bmhsearch,Fast string searcher useful for multi-part post parsing,C,6,9,2,9,102,Other,2008-01-28T022250Z,2022-07-18T110914Z,
ezmobius,chef-101,A sample chef recipe repo for learning chef-solo,Ruby,8,61,0,61,85,null2009-01-31T172808Z,2019-08-13T135729Z,
ezmobius,chef-deploy,Chef Resources and Providers for deploying ruby web apps without capistrano,Ruby,31,295,6,295,130,Apache License 20,2009-03-24T212228Z,2022-07-21T112104Z,
ezmobius,ey-lessql,a collection of chef recipes to install configure and run a variety of NoSQL dbs on the engine yard cloud,Ruby,10,39,0,39,80,null2009-08-14T031752Z,2019-08-13T142729Z,
ezmobius,ez-scheme,scheme on the rbx vm,Ruby,4,27,0,27,739,null2010-11-23T015524Z,2020-10-15T171009Z,
ezmobius,ez-where,queryconditions builder for ActiveRecord and other ORMS,Ruby,4,34,0,34,87,null2008-06-20T201455Z,2020-07-03T160351Z,
ezmobius,heist,Scheme in as little Ruby and as much Scheme as possible Supports macros continuations tail recursion and lazy evaluation,Ruby,1,1,0,1,1184,null2010-11-22T215727Z,2018-03-13T080412Z,
ezmobius,LocheGSplicer,Splices multiple 3D Printer gcode files into a single gcode file for multiple extruder printing,C++,3,6,0,6,2165,GNU Lesser General Public License v30,2012-07-29T232724Z,2022-06-13T015932Z,
ezmobius,lua-nginx-module,Embed the Power of Lua into NginX,Perl,1,2,0,2,5874,null2011-02-14T035150Z,2018-03-13T080409Z,
ezmobius,merbivore,merb website,Ruby,3,4,0,4,201,null2008-05-04T203724Z,2019-08-13T132401Z,
ezmobius,nanite,self assembling fabric of ruby daemons,Ruby,71,738,13,738,29179,Apache License 20,2008-03-31T083208Z,2021-12-23T155203Z,
ezmobius,nats,A simple and performant EventMachine based Publish-Subscribe system ,Ruby,1,1,0,1,205,MIT License,2010-11-21T102927Z,2018-03-13T080403Z,
ezmobius,nginx-ey-balancer,nginx max connections queue,C,19,39,2,39,154,null2009-01-22T195359Z,2022-03-21T172938Z,
ezmobius,ohai,Ohai profiles your system and emits JSON,null0,5,0,5,258,Apache License 20,2009-01-15T215821Z,2019-08-13T135359Z,
ezmobius,redactor,An Actor library based around Redis Useful for coordination command and control of distributed ruby processes,Ruby,1,66,0,66,80,MIT License,2010-01-02T054955Z,2021-01-13T192753Z,
ezmobius,redis,Redis key-value store,C,1,8,1,8,114,BSD 3-Clause "New" or "Revised" License,2009-03-23T015407Z,2020-07-07T091813Z,
ezmobius,redis-rb,A Ruby client library for Redis,Ruby,9,27,2,27,1449,MIT License,2012-03-14T124805Z,2019-02-27T110037Z,
ezmobius,super-nginx,killer build of nginx and luajit-beta6 plus 21 other modules,C,10,147,1,147,4638,null2011-02-11T233328Z,2022-01-13T221225Z,
ezmobius,tlabs-mendelmax,Documentation and other tidbits for the TrinityLabs MendelMax 15+,null3,8,0,8,158,null2012-07-11T020419Z,2018-03-13T080343Z,
ezmobius,vcap-tests,Cloud Foundry - the open platform as a service project,Ruby,1,1,0,1,51524,Apache License 20,2011-05-12T205530Z,2018-03-13T080341Z,
ezmobius,vmc,The command line client for Cloud Foundry - the open platform as a service project,Ruby,2,3,0,3,1166,Other,2011-05-13T081248Z,2020-01-09T082032Z,
ivey,adventure_cats,Adventure Cats a game by Ellie and her Dad,JavaScript,1,0,0,0,9252,null2014-04-06T033405Z,2018-03-13T080337Z,
ivey,anaconda,A Go client library for the Twitter 11 API,Go,1,0,0,0,214,MIT License,2014-11-10T181819Z,2018-03-13T080336Z,
ivey,ascii,Awesome ascii,null1,0,1,0,69,null2012-11-14T031536Z,2018-03-13T080334Z,
ivey,aws,Development repository for Opscode Cookbook aws,Ruby,0,0,0,0,234,Apache License 20,2014-05-14T142823Z,2021-01-05T185555Z,
ivey,blog,nullJavaScript,0,3,0,3,924,null2009-01-05T041947Z,2019-08-13T135131Z,
ivey,build-essential,Development repository for Opscode Cookbook build-essential,Ruby,0,2,0,2,82,Apache License 20,2012-07-03T182105Z,2021-08-06T211831Z,
ivey,carpark,Carpark adds LISP-style car cdr and endless combinations of them to the standard Ruby Array allowing for terse and powerful decomposition of deeply nested arrays [1 [2 3 [4 5] [[[6]]]]]caaaadddadr = 6,Ruby,2,8,1,8,82,null2008-04-12T045000Z,2019-08-13T132253Z,
ivey,chef,A systems integration framework built to bring the benefits of configuration management to your entire infrastructure,Ruby,0,2,0,2,62145,Apache License 20,2010-11-30T025215Z,2018-02-18T212628Z,
ivey,cinch-github,Cinch Plugin to let bots interact with Github,Ruby,0,2,0,2,114,MIT License,2011-05-17T192134Z,2018-02-18T212632Z,
ivey,cli,A small package for building command line apps in Go,Go,0,1,0,1,388,MIT License,2014-12-02T174228Z,2018-02-18T212636Z,
ivey,clj-gweezlebur-utils,iveys clojure utility functions,Clojure,0,2,0,2,100,null2010-09-14T011228Z,2018-02-18T212640Z,
ivey,clj-highrise,WORK IN PROGRESS DO NOT USE,Clojure,0,2,0,2,96,null2010-09-13T033029Z,2018-02-18T212644Z,
ivey,colapp,nullRuby,0,3,4,3,520,null2011-04-08T213346Z,2018-02-18T212648Z,
ivey,comatose,Comatose is a micro CMS implemented as a Rails plugin that is designed to be easy to embed and extend,JavaScript,0,2,0,2,694,MIT License,2011-08-01T150240Z,2018-02-18T212652Z,
ivey,dkpgrcsk,Asynchronous Python IRC bot with social networking plugins,Python,0,2,0,2,470,null2011-09-02T160713Z,2018-02-18T212656Z,
ivey,dropship,Instantly transfer files between Dropbox accounts using only their hashes,Python,0,2,0,2,209,null2011-04-25T211340Z,2018-02-18T212700Z,
ivey,emacs-starter-kit,All the code you need to get started with an emphasis on dynamic languages,Emacs Lisp,0,3,0,3,3208,GNU General Public License v30,2008-12-03T210314Z,2021-05-27T145339Z,
ivey,enigma-codebook,Sinatra app to generate codebooks for Enigma machines,Ruby,1,9,0,9,188,MIT License,2009-01-15T063820Z,2021-01-02T005729Z,
ivey,ethical-eating,Gentle Guide to Ethical Eating,null0,2,0,2,320,null2011-11-12T020350Z,2018-02-18T212713Z,
ivey,fav2rt,Turn a set of Twitter favorites into Retweets,Ruby,1,6,0,6,121,null2010-01-18T021001Z,2014-01-08T025457Z,
ivey,gistel,Yet another Emacs paste mode this one for Gist,Emacs Lisp,0,2,0,2,118,null2008-10-03T222445Z,2019-08-13T133705Z,
ivey,github-gem,The official github command line helper for simplifying your GitHub experience,Ruby,1,2,0,2,409,MIT License,2009-01-04T213701Z,2019-08-13T135126Z,
ivey,github-selfies,Everything is better with selfies Yes even pull requests Dont argue,JavaScript,0,1,0,1,116,null2014-03-19T184751Z,2018-02-18T212729Z,
ivey,go-bigip,A Go package that interacts with F5 BIG-IP systems using the REST API,Go,0,1,0,1,55,MIT License,2016-03-09T170021Z,2018-02-18T212733Z,
ivey,gobt,Behavior Tree library for Go,Go,0,1,0,1,132,MIT License,2014-12-19T223537Z,2018-02-18T212737Z,
ivey,godep,dependency tool for go,null0,1,0,1,217,BSD 3-Clause "New" or "Revised" License,2014-09-05T030603Z,2018-02-18T212741Z,
ivey,grit,Grit gives you object oriented readwrite access to Git repositories via Ruby,Ruby,0,0,0,0,2306,MIT License,2013-11-07T214038Z,2020-01-09T082108Z,
ivey,habitrpg,A habit tracker app which treats your goals like a Role Playing Game,JavaScript,0,1,0,1,528455,Other,2016-09-23T224018Z,2018-02-18T212749Z,
ivey,hipchat-go,Go client library for the HipChat API v2,Go,0,1,0,1,1868,Apache License 20,2015-02-03T182708Z,2018-02-18T212753Z,
ivey,homebrew,The missing package manager for OS X,Ruby,0,2,0,2,7419,null2010-12-05T192643Z,2018-02-18T212757Z,
evanphx,ace,Ace Ajaxorg Cloud9 Editor,JavaScript,0,1,0,1,20170,Other,2013-07-12T181226Z,2018-02-18T205611Z,
evanphx,alexa,Golang interface to the Amazon Alexa Voice service,Go,12,80,2,80,30219,null2016-03-07T063815Z,2022-04-21T055139Z,
evanphx,amqp,Go client for AMQP 091,Go,1,1,0,1,717,BSD 2-Clause "Simplified" License,2015-05-23T064329Z,2018-02-18T205619Z,
evanphx,asus-fan-control,cyclone Fan control for ASUS devices running Linux,null0,0,0,0,328,MIT License,2020-09-03T171453Z,2020-09-03T171455Z,
evanphx,atc,build scheduler and web interface,Go,0,1,0,1,159045,Apache License 20,2018-02-04T000848Z,2018-02-18T205623Z,
evanphx,benchmark-ips,Provides iteration per second benchmarking for Ruby,Ruby,89,1588,5,1588,245,MIT License,2012-03-24T025855Z,2022-11-06T140130Z,
evanphx,benchmarkfyi,A place to share benchmarking results,Ruby,6,9,5,9,30,null2016-04-13T175418Z,2018-02-18T205631Z,
evanphx,benchmark_suite,A set of enhancements to benchmarkrb,Ruby,9,45,2,45,128,null2011-04-06T010257Z,2019-10-14T041707Z,
evanphx,biscuit,Biscuit research OS,Go,0,0,0,0,136397,BSD 3-Clause "New" or "Revised" License,2018-10-18T040511Z,2018-10-18T040528Z,
evanphx,blog,The source for my blog,HTML,1,1,0,1,611,null2016-04-22T232752Z,2018-02-18T205639Z,
evanphx,brigade,Parallel S3 bucket-bucket differential sync in Go,Go,1,1,0,1,2743,null2014-11-25T233754Z,2018-02-18T205643Z,
evanphx,callbox,A twilio app to control my callbox,null1,2,0,2,108,null2012-02-07T230722Z,2018-02-18T205647Z,
evanphx,chef,A systems integration framework built to bring the benefits of configuration management to your entire infrastructure,Ruby,0,2,0,2,66433,Apache License 20,2011-06-27T224500Z,2018-02-18T205651Z,
evanphx,cijoe,CI Joe is a simple Continuous Integration server,Ruby,1,2,0,2,183,MIT License,2009-12-30T190826Z,2018-02-18T205655Z,
evanphx,citrus,Parsing Expressions for Ruby,Ruby,1,3,0,3,4065,null2010-12-06T014748Z,2021-02-26T201322Z,
evanphx,closure-library,Googles common JavaScript library,JavaScript,0,1,0,1,57516,Apache License 20,2016-01-27T221837Z,2018-02-18T205703Z,
evanphx,columbia,WebAssembly based Linux compatible Runtime,WebAssembly,1,9,0,9,281,null2019-02-14T021429Z,2022-02-06T231300Z,
evanphx,curb,Ruby bindings for libcurl,C,1,2,0,2,451,Other,2011-06-06T042118Z,2018-02-18T205707Z,
evanphx,dagger,A portable devkit for CICD pipelines,null0,0,0,0,12138,Apache License 20,2022-04-08T174806Z,2022-04-08T172408Z,
evanphx,discord-api-docs,Official Discord API Documentation,null0,0,0,0,39527,null2021-03-10T210344Z,2021-03-10T210345Z,
evanphx,distance_between,A RubyMotion App that uses calculates the distance between 2 locations,Ruby,4,24,0,24,112,null2012-05-03T215902Z,2018-02-28T164619Z,
evanphx,docker,Docker - the open-source application container engine,Go,0,1,0,1,11238,Apache License 20,2013-08-09T171008Z,2018-02-18T205716Z,
evanphx,docker-image-resource,a resource for docker images,Go,0,0,0,0,2090,Apache License 20,2018-03-02T065618Z,2018-03-02T065620Z,
evanphx,dockrun,This proof of concept docker run wrapper attempts to make docker containers behave like unix processes,Go,1,1,0,1,56,null2013-08-19T213306Z,2018-02-18T205720Z,
evanphx,docs,Prometheus documentation content and static site generator,CSS,1,1,0,1,1895,Apache License 20,2015-09-10T032737Z,2018-02-18T205725Z,
evanphx,dotfiles,Various configuration files,Vim script,0,3,0,3,156,null2017-05-11T161005Z,2022-09-14T234326Z,
evanphx,dotvim,my vim directory,VimL,1,6,0,6,1235,null2010-09-17T222346Z,2018-02-18T205738Z,
evanphx,dr-nic-magic-awesome,Magically fix your projects overnight,null0,3,0,3,84,null2008-06-05T230245Z,2019-08-13T132606Z,
evanphx,elm-ansi,ANSI stream handling for Elm,Elm,0,1,0,1,45,null2018-02-04T000226Z,2018-02-18T205746Z,
evanphx,engineyard,Deploy to Engine Yard Cloud from the command line,Ruby,1,2,0,2,1273,MIT License,2011-10-21T202817Z,2018-02-18T205750Z,
vanpelt,amqp,AMQP client implementation in RubyEventMachine,Ruby,0,4,0,4,389,null2008-10-01T001236Z,2019-08-13T133647Z,
vanpelt,analytics-ruby,The hassle-free way to integrate analytics into any Ruby application,Ruby,1,1,0,1,448,null2014-02-27T032353Z,2018-03-13T080324Z,
vanpelt,api-blueprint,API Blueprint,null1,0,0,0,3921,MIT License,2014-04-04T002604Z,2018-02-18T215934Z,
vanpelt,apollo-client,rocket A fully-featured production ready caching GraphQL client for every server or UI framework,TypeScript,0,0,0,0,8469,MIT License,2017-11-25T090507Z,2018-02-18T215935Z,
vanpelt,async-observer,Rails plugin that provides deep integration with Beanstalk,Ruby,1,3,0,3,112,GNU General Public License v30,2008-06-20T231643Z,2019-08-13T132716Z,
vanpelt,blueprint,A React UI toolkit for the web,TypeScript,0,0,0,0,5731,Other,2016-12-21T004004Z,2018-02-18T215939Z,
vanpelt,CardMaven,An iOS card game app that allows for multiple variants of games multi-player over bluetooth and much more ,Objective-C,4,7,0,7,4991,null2012-05-24T051936Z,2020-07-09T043538Z,
vanpelt,chris-snez,My better half and I now have our own website,null1,1,0,1,348,null2009-05-19T062814Z,2018-02-18T215942Z,
vanpelt,ConcatenateBlobs,Simply pass array of blobs This javascript library will concatenate all blobs in single Blob object,HTML,0,0,0,0,6,null2018-12-31T203816Z,2018-12-31T203818Z,
vanpelt,contacts,A universal interface to grab contact list information from various providers including Yahoo Gmail Hotmail and Plaxo,Ruby,0,2,0,2,85,BSD 3-Clause "New" or "Revised" License,2008-07-11T053308Z,2019-08-13T132856Z,
vanpelt,create-react-app,Create React apps with no build configuration,JavaScript,0,0,0,0,7067,MIT License,2018-10-05T201543Z,2018-10-05T201549Z,
vanpelt,cube,Cube A system for time series visualization,JavaScript,1,1,0,1,569,Other,2011-10-06T050847Z,2018-02-18T215945Z,
vanpelt,deepo,A Docker image containing almost all popular deep learning frameworks theano tensorflow sonnet pytorch keras lasagne mxnet cntk chainer caffe torch,null0,0,0,0,4,MIT License,2017-11-21T192807Z,2018-02-18T215947Z,
vanpelt,delayed_job,Database backed asynchronous priority queue -- Extracted from Shopify ,Ruby,5,8,0,8,2716,MIT License,2009-01-10T001442Z,2021-06-23T211247Z,
vanpelt,dm-imap-adapter,An IMAP adapter for DataMapper  Supports reading writing updating the whole works,Ruby,3,14,2,14,90,MIT License,2008-09-21T232256Z,2021-04-27T181309Z,
vanpelt,emotion-detector,Emotion detector with tfjs,JavaScript,1,2,15,2,2896,null2019-04-04T022508Z,2020-02-13T223311Z,
vanpelt,evercookie,evercookie is a javascript API available that produces extremely persistent cookies in a browser Its goal is to identify a client even after theyve removed standard cookies Flash cookies Local Shared Objects or LSOs and others ,JavaScript,1,1,0,1,205,null2012-07-10T232742Z,2018-02-18T215952Z,
vanpelt,fancy-zoom,Zoomy JavaScript based loosely on Fancy Zoom by Cabel Sasser,JavaScript,2,7,0,7,299,null2008-09-14T033406Z,2019-08-13T133506Z,
vanpelt,Faster-RCNN_CloudML,Faster-RCNN for Cloud ML,Python,0,3,0,3,1192,null2017-03-01T051602Z,2018-06-01T201210Z,
vanpelt,font-facer,A UI for interpolating fonts,JavaScript,0,2,21,2,7270,null2019-08-09T040542Z,2022-01-18T212906Z,
vanpelt,fsdl-text-recognizer,Repo that generates httpsgithubcomfull-stack-deep-learningfsdl-text-recognizer-project,Jupyter Notebook,0,0,0,0,58865,null2019-11-15T021554Z,2019-11-15T224522Z,
vanpelt,guestlist,Engineering guest list for the Nightmix party,null1,0,0,0,105,null2012-08-23T233654Z,2018-02-18T215957Z,
vanpelt,instimage,A lightweight javascript interface for choosing images from arbitrary urls,JavaScript,1,2,0,2,932,null2008-08-15T001732Z,2019-08-13T133141Z,
vanpelt,jekyll,Jekyll is a blog-aware static site generator in Ruby,Ruby,0,2,0,2,172,null2008-11-22T230502Z,2019-08-13T134354Z,
vanpelt,js-data-cloud-datastore,Google Cloud Datastore adapter for js-data Main Site httpjs-dataio API Reference Docs httpgooglecloudplatformgithubiojs-data-cloud-datastore,JavaScript,0,0,0,0,309,Apache License 20,2017-02-26T075900Z,2018-02-18T220001Z,
vanpelt,js-segment-annotator,Javascript image annotation tool based on image segmentation,JavaScript,1,0,0,0,408,BSD 3-Clause "New" or "Revised" License,2016-05-10T182122Z,2018-02-18T220003Z,
vanpelt,jsawesome,Awesome JSON,JavaScript,7,68,1,68,192,MIT License,2008-01-13T060419Z,2022-09-11T174540Z,
vanpelt,KittiSeg,A Kitti Road Segmentation model implemented in tensorflow,Python,0,0,0,0,12194,MIT License,2017-05-14T185733Z,2018-02-18T220006Z,
vanpelt,lyndon,Lyndon wraps JavaScript in a loving MacRuby embrace,Ruby,1,1,0,1,84,MIT License,2009-06-24T225616Z,2018-02-18T220008Z,
vanpelt,mali,A minimalistic gRPC microservice framework for Nodejs,JavaScript,0,0,0,0,69,Apache License 20,2017-02-24T233305Z,2018-02-18T220010Z,
wayneeseguin,afero,A FileSystem Abstraction System for Go,Go,1,2,0,2,126,Apache License 20,2015-01-15T203117Z,2018-02-18T210051Z,
wayneeseguin,alogr,AlogR is a threadsafe non-blocking asynchronous configurable logger for Ruby,Ruby,4,13,1,13,124,Other,2008-02-01T163654Z,2022-06-01T171850Z,
wayneeseguin,appfirst-boshrelease,AppFirst BOSH Release ABR,Shell,3,2,0,2,108542,Other,2014-10-18T162220Z,2018-02-18T210059Z,
wayneeseguin,ar_migration_branches,Active Record Migration Branches,Ruby,3,7,0,7,112,null2008-03-28T221926Z,2019-08-13T132222Z,
wayneeseguin,attachmerb_fu,A merb port of the attachment_fu Rails plugin,Ruby,1,4,0,4,108,Other,2008-02-21T063229Z,2019-08-13T132201Z,
wayneeseguin,aurae,Simplified distributed systems runtime for application teams Written in Rust,null0,0,0,0,145,Apache License 20,2022-09-30T215630Z,2022-09-29T190823Z,
wayneeseguin,aurae-environment,Distributed Operating Environment DOPE,null0,0,0,0,4143,Apache License 20,2022-09-30T180020Z,2022-09-30T005613Z,
wayneeseguin,auraed,Secure mTLS and gRPC backed runtime daemon Alternative to systemd Written in Rust,null0,0,0,0,148,Apache License 20,2022-09-30T215431Z,2022-09-29T131147Z,
wayneeseguin,authlogic,A simple model based ruby authentication solution,Ruby,1,2,0,2,1236,MIT License,2010-04-10T125250Z,2018-02-18T210111Z,
wayneeseguin,autozest,AutoZest is an autotest addon that  automated growl installation  generation of autotest with growl  autozest config  generation of autozestyml config file  autozestsqlite3 database file for pulling random messages based on severity,Ruby,3,7,1,7,276,Other,2008-02-01T163751Z,2021-07-13T192040Z,
wayneeseguin,bboshinst,Binary bosh installer script for OpenStack,Shell,1,1,0,1,102,Apache License 20,2015-05-05T135858Z,2018-02-18T210120Z,
wayneeseguin,bosh,Cloud Foundry BOSH is an open source tool chain for release engineering deployment and lifecycle management of large scale distributed services,Ruby,0,2,0,2,373163,Apache License 20,2015-03-19T185636Z,2018-02-18T210125Z,
wayneeseguin,bosh-create,Exploration of ways to do bosh-release logic and structure,Shell,2,1,0,1,21,MIT License,2015-08-14T131437Z,2018-02-18T210130Z,
wayneeseguin,bosh-workspace,Gem for managing your bosh workspace,Ruby,2,1,0,1,365,MIT License,2015-03-03T182158Z,2020-09-21T055519Z,
wayneeseguin,bundler,Manage your applications gem dependencies with less pain,Ruby,0,3,0,3,9517,Other,2011-07-19T182532Z,2020-01-10T011134Z,
wayneeseguin,cf-acceptance-tests,CF Acceptance tests,Go,1,2,0,2,1595,null2014-03-12T154054Z,2018-02-18T210144Z,
wayneeseguin,cf-app-logstail,Cloud Foundry Logs Tailer,Go,1,1,0,1,124,Other,2014-07-16T183651Z,2018-02-18T210147Z,
wayneeseguin,cf-appfirst-buildpack,Cloud Foundry AppFirst Collector Buildpack,Shell,2,1,0,1,132,null2015-02-25T044216Z,2018-02-18T210152Z,
wayneeseguin,cli,A CLI for Cloud Foundry written in Go,Go,5,1,1,1,16302,Apache License 20,2014-06-26T154241Z,2018-02-18T210156Z,
wayneeseguin,concourse-project,nullnull1,1,0,1,7,null2016-02-11T025052Z,2018-02-18T210200Z,
wayneeseguin,datasciencecoursera,Data Science  Coursera,null1,1,0,1,152,GNU General Public License v30,2014-06-04T220346Z,2018-02-18T210204Z,
wayneeseguin,datasharing,The Leek group guide to data sharing ,null0,1,0,1,157,null2014-06-05T010850Z,2018-02-18T210208Z,
wayneeseguin,data_retention,nullnull2,1,0,1,160,null2015-02-27T144059Z,2018-02-18T210213Z,
wayneeseguin,db,dbm,null0,2,0,2,48,null2009-10-12T192013Z,2018-02-18T210217Z,
wayneeseguin,dbm,nullnull0,2,0,2,48,null2009-10-12T200946Z,2018-02-18T210221Z,
wayneeseguin,deliver,Heroku-style deployment through pure bash Supports multiple strategies,Ruby,1,3,0,3,129,null2012-04-19T025330Z,2018-02-18T210225Z,
wayneeseguin,docs-bosh,The docs repo for BOSH,null1,1,0,1,3247,Apache License 20,2014-06-19T190541Z,2018-02-18T210229Z,
wayneeseguin,dynamic_reports,Dynamic Reporting Engine for Ruby  Rails,Ruby,23,222,0,222,335,null2009-06-27T004146Z,2022-03-31T181753Z,
wayneeseguin,env,Environment mappings and variables for GAE,Go,2,1,1,1,120,null2014-12-31T200624Z,2018-02-18T210237Z,
wayneeseguin,env-1,The Best Damn Collection of rc files this side of the Mississippi,Shell,1,1,0,1,109,null2016-03-31T154046Z,2018-02-18T210241Z,
brynary,active_admin,The administration framework for Ruby on Rails applications,Ruby,1,2,0,2,3729,Other,2012-06-07T184243Z,2021-12-20T014646Z,
brynary,active_merchant,Active Merchant is a simple payment abstraction library used in and sponsored by Shopify It is written by Tobias Luetke Cody Fauser and contributors The aim of the project is to feel natural to Ruby users and to abstract as many parts as possible away from the user to offer a consistent interface across all supported gateways,Ruby,1,1,0,1,7053,MIT License,2012-12-03T011117Z,2018-02-18T210709Z,
brynary,acts-as-taggable-on,A tagging plugin for Rails applications that allows for custom tagging along dynamic contexts,Ruby,1,0,0,0,691,MIT License,2013-07-07T181946Z,2020-01-09T155110Z,
brynary,arel,A Relational Algebra,Ruby,16,139,2,139,2743,MIT License,2009-05-17T025618Z,2022-05-11T155337Z,
brynary,artifice,Replaces NetHTTP with a subclass that routes all requests to a Rack application,Ruby,0,2,0,2,79,MIT License,2011-03-10T193730Z,2018-02-18T210722Z,
brynary,asset-trip,Rails asset bundling plugin that will expand your mind,Ruby,2,14,0,14,976,MIT License,2009-10-18T191139Z,2019-08-13T142842Z,
brynary,atlas-examples,Public examples for using Atlas by HashiCorp,HCL,1,1,0,1,17949,Mozilla Public License 20,2015-10-09T010930Z,2018-08-03T010428Z,
brynary,badger,nullRuby,1,3,0,3,92,null2010-05-17T132140Z,2018-02-18T210740Z,
brynary,bert,BERT Binary ERlang Term serialization library for Ruby,Ruby,0,3,0,3,179,MIT License,2011-11-08T004246Z,2018-02-18T210745Z,
brynary,bertrpc,BERTRPC is a Ruby BERT-RPC client library,Ruby,0,2,0,2,159,MIT License,2012-07-05T210554Z,2018-02-18T210751Z,
brynary,better_errors,Better error page for Rails and other Rack apps,Ruby,1,1,0,1,289,MIT License,2013-07-07T175629Z,2018-08-27T084630Z,
brynary,blackbox,Safely store secrets in GitMercurialSubversion,Shell,1,1,0,1,397,MIT License,2015-10-20T035853Z,2018-02-18T210800Z,
brynary,boot2docker,Lightweight Linux for Docker,Shell,0,1,0,1,3694,Apache License 20,2014-03-20T033712Z,2018-02-18T210806Z,
brynary,bootstrap-sass,bootstrap-sass is bootstrap for Sass ready to roll,Ruby,0,1,0,1,744,Other,2013-07-07T180504Z,2018-02-18T210810Z,
brynary,brakeman,A static analysis security vulnerability scanner for Ruby on Rails applications,Ruby,2,1,0,1,10038,MIT License,2012-11-23T220324Z,2018-02-18T210815Z,
brynary,breach-mitigation-rails,Make Rails apps more resilient against the BREACH and CRIME attacks,Ruby,1,1,0,1,173,MIT License,2013-11-19T045540Z,2018-02-18T210819Z,
brynary,bundler,nullRuby,1,2,0,2,15896,MIT License,2009-08-29T183800Z,2018-02-18T210824Z,
brynary,bundler-audit,Patch-level verification for Bundler,Ruby,1,1,0,1,177,GNU General Public License v30,2013-02-18T043411Z,2018-02-18T210828Z,
brynary,cache-money,A Write-Through Cacheing Library for ActiveRecord,Ruby,1,6,0,6,301,MIT License,2008-12-12T050529Z,2019-08-13T134708Z,
brynary,call_for_proposals_2013,2013 conference call for proposals,null1,1,0,1,100,null2012-11-29T042432Z,2018-02-18T210850Z,
brynary,cancan,Authorization Gem for Ruby on Rails,Ruby,1,2,0,2,893,MIT License,2012-07-02T173121Z,2018-02-18T210854Z,
brynary,capistrano,Remote multi-server automation tool,Ruby,0,1,0,1,1078,null2012-11-15T174024Z,2018-02-18T210858Z,
brynary,capybara,Acceptance test framework for web applications,Ruby,1,2,0,2,7570,MIT License,2012-07-03T213136Z,2016-11-15T093200Z,
brynary,carrierwave,Classier solution for file uploads for Rails Sinatra and other Ruby web frameworks,Ruby,0,3,0,3,2374,null2012-07-03T212558Z,2018-02-18T210907Z,
brynary,cells,Components for Rails,Ruby,1,2,0,2,862,null2012-01-24T072843Z,2018-02-18T210911Z,
brynary,checkmate,Checkmate - A simple yet powerful meta code-checker with support for multiple languages,Python,2,1,1,1,1086,Other,2015-04-17T153303Z,2018-02-18T210915Z,
brynary,chef,A systems integration framework built to bring the benefits of configuration management to your entire infrastructure,Ruby,1,2,0,2,36884,Apache License 20,2009-12-30T215820Z,2018-02-18T210919Z,
brynary,clippy,A utility to access the systems clipboard from Ruby,Ruby,1,2,0,2,98,MIT License,2012-10-10T161448Z,2018-02-18T210923Z,
brynary,codeclimate,Code Climate CLI,Ruby,1,1,0,1,707,MIT License,2015-12-09T234843Z,2018-02-18T210927Z,
brynary,codeclimate-phpmd,Code Climate PHPMD Engine,PHP,2,1,1,1,26,MIT License,2015-12-09T235915Z,2018-02-18T210931Z,
kevinclark,AdventOfCode-2021,Advent of Code 2021,Rust,0,0,0,0,59,null2021-12-02T003103Z,2021-12-08T234823Z,
kevinclark,AdventOfCode2020,nullRust,0,1,0,1,73,null2020-12-01T193227Z,2021-05-27T144211Z,
kevinclark,ale,Check syntax in Vim asynchronously and fix files with Language Server Protocol LSP support,Vim script,0,1,0,1,17714,BSD 2-Clause "Simplified" License,2020-11-21T235452Z,2021-01-06T040724Z,
kevinclark,aletheia,A superior open source suite of state-of-the-art steganalysis tools,Python,0,0,0,0,19879,MIT License,2019-11-20T213747Z,2020-11-07T190122Z,
kevinclark,aoc2019,AOC 2019 in Rust,Rust,0,0,0,0,56,null2020-11-16T072248Z,2020-12-16T193844Z,
kevinclark,chordal,A library in Io for generating chords,Io,1,7,0,7,84,null2008-12-24T093028Z,2022-07-10T204919Z,
kevinclark,climate-clock-kit,Make your own CLIMATECLOCK with off-the-shelf parts,null0,0,0,0,2439,null2021-04-26T041636Z,2021-04-26T041637Z,
kevinclark,docker-registry,Registry server for Docker hostingdelivering of repositories and images,Python,1,1,0,1,217,Apache License 20,2013-08-10T231938Z,2020-03-11T120538Z,
kevinclark,dotfiles,My configs,Shell,1,4,0,4,383,null2008-09-22T162853Z,2021-12-28T180815Z,
kevinclark,dust,Lint for Ruby Moved to httpwikigithubcomkevinclarknitpick,Ruby,3,63,1,63,710,MIT License,2008-06-01T004328Z,2021-02-22T082602Z,
kevinclark,git-tutorial-8033,Just some code for a tutorial in person,Java,0,0,0,0,4,null2020-01-26T182719Z,2020-01-26T183714Z,
kevinclark,gluttonous,Blog archives and new engine,JavaScript,1,2,0,2,960,null2009-03-01T035304Z,2019-08-13T140507Z,
kevinclark,god,Ruby process monitor,Ruby,0,5,0,5,926,null2008-01-13T051623Z,2021-07-13T192042Z,
kevinclark,gq-4x4,GQ-4x4 util for OS X,Rust,0,1,0,1,69,null2020-12-18T065422Z,2022-06-14T210904Z,
kevinclark,greywater,Greywater monitoring,Rust,0,0,0,0,37,null2022-06-19T050539Z,2022-06-19T050556Z,
kevinclark,homebrew-core,üçª Default formulae for the missing package manager for macOS or Linux,Ruby,0,0,0,0,450038,BSD 2-Clause "Simplified" License,2021-12-26T054600Z,2021-12-26T062250Z,
kevinclark,indexer,A simple search engine engine in Go,Go,1,1,0,1,128,MIT License,2013-07-15T071131Z,2018-02-18T205305Z,
kevinclark,inmate-scraping,Collecting inmate names and addresses,Python,3,0,1,0,3198,null2020-10-13T162723Z,2020-10-19T232613Z,
kevinclark,iospec2,An rspec like tool for Io,Io,1,5,0,5,92,null2008-12-29T003236Z,2019-08-13T135023Z,
kevinclark,janus,A MacVim Distro,Ruby,1,2,0,2,279,null2011-06-03T210237Z,2018-02-18T205312Z,
kevinclark,kata,Code kata,C++,1,2,0,2,1376,null2010-02-28T112609Z,2018-02-18T205316Z,
kevinclark,Lesson-Plans,nullPython,12,16,1,16,163,null2012-04-09T073216Z,2020-01-10T171157Z,
kevinclark,metrics,Capturing JVM- and application-level metrics So you know whats going on,Java,1,2,0,2,534,MIT License,2011-06-25T234750Z,2018-02-18T205324Z,
kevinclark,neovim,Vim-fork focused on extensibility and usability,null0,0,0,0,105955,Other,2020-11-29T055700Z,2020-11-29T055703Z,
kevinclark,netty,Netty project - an event-driven asynchronous network application framework,null0,0,0,0,62455,Apache License 20,2020-08-04T222202Z,2020-08-04T222206Z,
kevinclark,nitpick,A lint for Ruby 18 Defunct Just for posterity,Ruby,3,52,3,52,370,MIT License,2009-03-19T030014Z,2021-11-21T092442Z,
kevinclark,project_euler,Project Euler problems,Haskell,1,3,0,3,104,null2009-12-28T021724Z,2018-02-18T205332Z,
kevinclark,quicly,A modular QUIC stack designed primarily for H2O,null0,0,0,0,3716,MIT License,2020-08-05T002444Z,2020-08-05T002446Z,
kevinclark,redis-py,Redis Python Client,Python,2,2,1,2,1689,MIT License,2011-04-10T222855Z,2021-10-11T161541Z,
kevinclark,reqwest,An easy and powerful Rust HTTP Client,null0,0,0,0,1782,Apache License 20,2021-04-12T165612Z,2021-04-12T165613Z,
technoweenie,-Covid-Vaccine-Scheduling-Tips,Some tips on finding a Covid Vaccine Appointment,null0,0,0,0,7,null2021-03-23T225204Z,2021-03-23T225205Z,
technoweenie,15,nullnull2,3,0,3,5324,null2012-02-29T145349Z,2018-02-18T205402Z,
technoweenie,activesupport_notifications_backport,nullRuby,2,10,0,10,118,MIT License,2012-03-20T205635Z,2020-07-20T202506Z,
technoweenie,active_record_context,simple identity map for active record  eager loading associations FTL,Ruby,7,4,0,4,85,null2008-03-04T044414Z,2019-08-18T063437Z,
technoweenie,acts_as_versioned,ActiveRecord plugin for versioning your models,Ruby,168,409,17,409,505,MIT License,2008-03-04T044932Z,2022-01-25T112132Z,
technoweenie,app_bootstrap,appbootstrap rake task providing a command line menu to setup a rails app  ,Ruby,5,29,0,29,85,null2008-06-13T185116Z,2019-08-13T132642Z,
technoweenie,apub,experimental golang package for parsing ActivityPub objects ,Go,0,2,0,2,46,null2019-06-17T191614Z,2021-02-03T020613Z,
technoweenie,assert,Asserts to Go testing,Go,1,2,0,2,5,null2015-05-25T181008Z,2018-02-18T205425Z,
technoweenie,astrotrain,email = http_post,Ruby,9,27,0,27,367,MIT License,2010-03-29T164205Z,2021-06-07T030830Z,
technoweenie,attachment_fu,Treat an ActiveRecord model as a file attachment storing its patch size content type etc,Ruby,323,1023,36,1023,1008,MIT License,2008-01-14T145156Z,2022-11-08T141649Z,
technoweenie,beautiful-docs,Pointers to useful well-written and otherwise beautiful documentation,null2,7,0,7,72,null2012-01-05T204317Z,2019-02-20T042806Z,
technoweenie,blog,Some notes on things I find interesting and important,HTML,1,1,0,1,6212,null2015-08-19T162504Z,2018-02-18T205446Z,
technoweenie,brew,beer The missing package manager for OS X,Ruby,0,1,0,1,16649,Other,2016-08-18T151327Z,2018-02-18T205450Z,
technoweenie,call-for-proposals,Want to make a talk proposal for EuRuKo 2012 This is the place to be,null3,3,0,3,448,null2012-02-29T155623Z,2018-02-18T205454Z,
technoweenie,camogo,nullGo,1,4,0,4,132,null2013-03-15T060858Z,2018-02-18T205459Z,
technoweenie,can_search,Build common named scopes automatically and provide a simple way to merge them with a single search call,Ruby,8,93,1,93,99,MIT License,2008-04-05T081303Z,2021-09-10T111606Z,
technoweenie,celluloid,Concurrent objects for Ruby,Ruby,1,2,0,2,529,MIT License,2011-11-29T074047Z,2018-02-18T205509Z,
technoweenie,chat_gram,Barebones Instagram realtime endpoint for posting images to a chat service Campfire,Ruby,10,19,1,19,444,MIT License,2011-02-27T223946Z,2020-07-20T202451Z,
technoweenie,coffee-resque,nullCoffeeScript,45,546,4,546,324,MIT License,2010-10-26T124507Z,2022-11-03T052524Z,
technoweenie,coffee-sprites,simple html 5 animationsprites system heavily inspired by httpgamesinhtml5blogspotcom201007game-in-progress-sprites-and-animationhtml,JavaScript,3,6,0,6,103,null2010-07-25T154526Z,2018-04-05T214857Z,
technoweenie,context_on_crack,experimental macros for testing rails controllers  port of rspec_on_rails_on_crack,null5,11,0,11,88,null2008-11-04T064116Z,2019-08-13T134050Z,
technoweenie,cronwtf,silly cron = english translator,JavaScript,14,94,0,94,111,MIT License,2009-03-15T053056Z,2021-09-19T175956Z,
technoweenie,dangerroom,nullGo,1,7,0,7,156,null2014-07-28T220249Z,2019-08-13T154712Z,
technoweenie,dealerjs,nullJavaScript,7,21,0,21,129,MIT License,2010-04-07T020639Z,2021-01-13T192839Z,
technoweenie,dummy-repo,nullnull1,1,5,1,128,null2014-12-05T195854Z,2018-02-18T205541Z,
technoweenie,duplikate,Syncs one directory to another example a git project to an svn repo,Ruby,7,25,0,25,97,null2008-01-25T202140Z,2022-06-01T170946Z,
technoweenie,elixir-langgithubcom,Website for Elixir,JavaScript,2,2,0,2,202,null2012-03-02T050134Z,2018-02-18T205549Z,
technoweenie,elixir-rubyports,nullElixir,2,5,0,5,96,null2012-03-02T060554Z,2022-08-22T185044Z,
technoweenie,emoji-css-builder,Quick Ruby rake task for generating CSS and tiled image for displaying emoji in browsers,Ruby,4,29,0,29,530,MIT License,2011-01-27T091316Z,2021-01-13T193043Z,
technoweenie,etcd,A highly-available key value store for shared configuration and service discovery,Go,0,1,0,1,4263,Apache License 20,2013-11-30T170931Z,2018-08-28T012529Z,
macournoyer,bingo,Bingo An easy to learn programming language for first timers,JavaScript,0,1,0,1,163,null2014-05-21T023634Z,2020-07-10T141824Z,
macournoyer,cache_digests,nullRuby,1,1,0,1,115,MIT License,2012-11-08T210051Z,2018-02-18T210939Z,
macournoyer,confoo,My Confooca presentation How to kick assess with asynchronous processing,Ruby,0,6,0,6,6729,null2010-03-07T212605Z,2014-05-15T072102Z,
macournoyer,em-spec,Simple BDD API for testing asynchronous RubyEventMachine code,Ruby,1,3,0,3,93,null2009-05-28T005511Z,2019-08-13T142607Z,
macournoyer,eventmachine,EventMachine fast simple event-processing library for Ruby programs,Ruby,1,1,0,1,1750,Other,2013-03-12T193639Z,2018-08-10T134758Z,
macournoyer,fast_output_buffer,A faster output buffer for ActionView,C,2,23,0,23,144,MIT License,2013-09-05T031057Z,2022-02-06T102209Z,
macournoyer,faye,Simple pubsub messaging for the web,JavaScript,0,2,0,2,2182,null2011-10-25T012719Z,2018-02-18T210959Z,
macournoyer,gh-contest,nullRuby,0,2,0,2,4924,null2009-07-30T212703Z,2018-02-18T211003Z,
macournoyer,html_ruby,simple html language template,Ruby,1,1,0,1,121,MIT License,2014-03-29T152056Z,2018-02-18T211007Z,
macournoyer,hyper-proxy,A proxy connector for Hyper-based crates,Rust,0,0,0,0,34,MIT License,2018-10-26T201144Z,2018-10-26T201146Z,
macournoyer,invisible,The invisible framework,CSS,11,51,1,51,206,null2008-02-09T183852Z,2021-07-13T192051Z,
macournoyer,iolounge,My personal casual comforting place to play w Io,null1,2,0,2,80,null2009-01-10T012217Z,2019-08-13T135238Z,
macournoyer,is_taggable,Tagging that doesnt want to be on steroids Its skinny and happy to stay that way,Ruby,1,3,0,3,99,MIT License,2009-06-03T173337Z,2018-02-18T211019Z,
macournoyer,language-liquid,Liquid language support for Atom,null0,0,0,0,43,MIT License,2020-12-11T015052Z,2020-12-11T020532Z,
macournoyer,libuv,platform layer for nodejs,C,0,2,0,2,7715,Other,2012-07-01T015756Z,2019-04-02T174113Z,
macournoyer,linguist,Language Savant If your repositorys language is being reported incorrectly send us a pull request,null0,0,0,0,36775,MIT License,2020-12-11T022050Z,2020-12-11T022053Z,
macournoyer,llvmruby,LLVM bindings for Ruby,Ruby,10,8,0,8,611,MIT License,2008-10-04T041607Z,2019-11-04T202955Z,
macournoyer,macournoyergithubcom,ze github pages of mine,null0,3,0,3,80,null2008-12-20T135148Z,2019-08-13T134910Z,
macournoyer,meshu,MeshU presentation,Ruby,0,3,0,3,9296,null2008-05-21T001731Z,2019-08-13T132456Z,
macournoyer,min,The Min language,Java,12,102,0,102,1620,MIT License,2008-12-28T065631Z,2021-10-20T032051Z,
macournoyer,mkdrumkit,A drumkit maker for Koala and others,Ruby,0,0,0,0,5,MIT License,2022-06-18T205251Z,2022-06-18T205910Z,
macournoyer,mor7,My Montreal on Rails 7 presentation of Thin,Ruby,1,3,0,3,7476,null2008-02-20T185941Z,2022-01-20T155812Z,
macournoyer,mtlrb-jan12,Montrealrb January 2012 presentation on creating an homoiconic programming language in  150 LOC,Ruby,1,4,0,4,2206,null2012-01-17T195220Z,2018-02-18T211051Z,
macournoyer,mysql_s3_backup,A simple backup script for Mysql and S3 with incremental backups,Ruby,6,21,0,21,79,null2009-11-26T230151Z,2022-03-24T154609Z,
macournoyer,nanodb,an ultra tiny db,null4,16,0,16,1511,null2009-11-30T071838Z,2019-08-13T142933Z,
macournoyer,neuralconvo,Neural conversational model in Torch,Lua,357,780,26,780,91,null2015-10-21T230843Z,2022-10-31T032118Z,
macournoyer,nnrb,A toy Neural Network in Ruby,Ruby,3,22,1,22,5,null2016-12-04T210654Z,2021-03-06T093128Z,
macournoyer,node-cusec,nodejs CUSEC 2010 presentation stuff,JavaScript,0,4,0,4,6972,null2010-01-15T182600Z,2014-05-01T155543Z,
macournoyer,node-syscalls,Node wrapper to some UNIX syscalls Used during httptruthabouteventloopscom,C++,0,5,0,5,16,null2012-08-21T163725Z,2019-11-15T120013Z,
macournoyer,orange,Yummy  juicy compiler,Ruby,2,56,1,56,87,null2008-10-22T045659Z,2021-06-25T180554Z,
takeo,Brief,Brief is a Chat Style for Skype 5 on OS X,JavaScript,1,2,0,2,1848,Other,2011-02-08T011949Z,2018-02-18T205020Z,
takeo,ChromeAutoTextExpander,Google Chrome Extension  Auto Text Expander - listens for keypresses on pages that support it and will auto-replace text as you type Keywords javascript jquery chrome text expander replacement,JavaScript,1,2,0,2,21667,MIT License,2016-02-20T010636Z,2021-02-09T011313Z,
takeo,GoogleAnalyticsProxy,A JavaScript proxy class for Google Analytics which allows you to test event tracking in development mode,JavaScript,1,2,0,2,78,Other,2010-05-31T215635Z,2018-02-18T205030Z,
takeo,googlecharts,Sexy Charts using Google API  Ruby,Ruby,1,4,0,4,136,MIT License,2008-04-27T041908Z,2019-08-13T132338Z,
takeo,jquery-hotkeys,jQuery hotkeys plugin,null1,2,0,2,80,null2008-06-29T091150Z,2019-08-13T132754Z,
takeo,laterstars-for-safari,A Safari extension to replace the Laterstars one-click fave bookmarklet,JavaScript,1,2,0,2,147,null2010-06-20T021030Z,2018-02-18T205042Z,
takeo,MooTune,A MooTools class for logging events errors and AB tests to multiple backends such as Google Analytics Mixpanel or your own server logs,JavaScript,1,1,0,1,92,null2013-07-19T003414Z,2018-02-18T205046Z,
takeo,MooZoom,An image zoomer for MooTools,JavaScript,1,2,0,2,203,null2010-01-29T202735Z,2018-02-18T205050Z,
takeo,obsidian-lock-screen-plugin,nullnull0,0,0,0,133,MIT License,2022-03-01T031140Z,2022-01-21T183801Z,
takeo,outlook-with-attitude,Turning Outlook Web Access from a Gent to a G,JavaScript,4,7,2,7,90,null2008-08-25T033503Z,2019-08-13T133247Z,
takeo,permanent_records,Rails Plugin - soft-delete your ActiveRecord records with a deleted_at timestamp  This is a much more explicit version of ActsAsParanoid,Ruby,1,2,0,2,92,MIT License,2009-02-24T053011Z,2019-08-13T140329Z,
takeo,rdify,A simple chrome extension to forward openspotify links to rdio,JavaScript,1,1,0,1,200,null2014-12-06T214622Z,2018-02-18T205103Z,
takeo,redmine_client,Redmine API client,Ruby,1,3,0,3,93,MIT License,2011-12-20T211156Z,2018-02-18T205112Z,
takeo,select-autocompleter,MooTools plugin to create editable select tags,JavaScript,1,2,0,2,150,MIT License,2009-01-17T082209Z,2019-08-13T135417Z,
takeo,starter-ruby-bot,A simple Beep Boop ready starter project in Ruby ,Ruby,1,2,0,2,158,MIT License,2016-01-22T204813Z,2018-02-18T205120Z,
takeo,steezy-pibb,Makes Pibb+Fluid one hell of a steez,JavaScript,0,2,0,2,206,MIT License,2008-08-01T042622Z,2019-08-13T133033Z,
takeo,takeogithubcom,takeome website,JavaScript,1,1,1,1,1260,null2012-12-23T051501Z,2018-02-18T205130Z,
takeo,TextboxList,MooTools tokenizer,JavaScript,1,2,0,2,166,null2010-02-05T005655Z,2018-02-18T205134Z,
takeo,ValidateSimple,Simple form validation with good UX for MooTools,JavaScript,1,2,0,2,436,null2011-10-07T220650Z,2018-02-18T205138Z,
takeo,warden,General Rack Authentication Framework,Ruby,1,1,0,1,522,MIT License,2012-08-22T213639Z,2018-03-22T201803Z,
caged,airstream,Color tools plugin for Figma,JavaScript,0,2,13,2,1845,null2020-01-17T020947Z,2021-05-12T140218Z,
caged,aixmlserialize,Aims to convert to and from NSXMLDocuments and NSDictionarys on the iPhone using KissXML and OS X,Objective-C,3,11,0,11,202,null2009-02-26T004619Z,2019-08-13T140405Z,
caged,asset,little asset manager for lazy people written with node ,JavaScript,1,3,0,3,144,null2011-04-14T193147Z,2019-07-14T171536Z,
caged,attractor,nullJavaScript,0,1,0,1,69,null2018-06-09T181504Z,2018-10-09T074857Z,
caged,bash-test,nullShell,0,1,0,1,1,null2016-02-10T181156Z,2018-02-18T205829Z,
caged,basketball-stats,nullJupyter Notebook,0,1,0,1,906,null2018-01-20T221042Z,2019-04-25T191045Z,
caged,bbref-graphs,Chrome extension to convert tables of statistics to charts on httpbasketball-referencecom,JavaScript,2,2,1,2,408,MIT License,2012-12-25T030619Z,2019-04-25T191042Z,
caged,bespokesynth-quickref,nullHTML,0,0,0,0,529,null2021-11-07T202355Z,2021-11-08T031218Z,
caged,book-store,test rails app,Ruby,0,1,0,1,25,null2021-12-26T040433Z,2021-12-31T163656Z,
caged,budget,A look at Portland Oregons city budget over the years,JavaScript,0,1,5,1,69,null2020-06-09T005954Z,2020-06-12T170535Z,
caged,canvas-examples,just a scratchpad for canvas experiments,JavaScript,0,1,0,1,20,null2016-08-28T144945Z,2018-02-18T205846Z,
caged,canvas-sketch,[beta] A framework for making generative artwork in JavaScript and the browser,JavaScript,0,0,0,0,19191,MIT License,2018-08-11T055039Z,2018-08-11T155255Z,
caged,cartile,nullJavaScript,0,1,0,1,144,null2015-06-26T054215Z,2018-02-18T205850Z,
caged,census-tools,Tools for working with NHGIS httpswwwnhgisorg census data,Shell,1,1,0,1,136,null2013-10-27T174220Z,2018-02-18T205854Z,
caged,cfb-recruiting,nullRuby,0,1,0,1,13688,MIT License,2013-11-01T074850Z,2018-02-18T205858Z,
caged,choochoo,nullHTML,0,0,0,0,60,null2020-11-12T220840Z,2020-11-12T231107Z,
caged,Chord,Stand-alone MIDI tool with circle of fifths interface,null0,0,0,0,3980,null2021-11-10T043740Z,2021-11-10T043741Z,
caged,choropleth,Quickly create choropleth map images from topojson data,JavaScript,0,1,0,1,120,null2015-02-04T202005Z,2018-02-18T205902Z,
caged,city-gen,nullShell,0,1,0,1,9690,null2018-05-03T052231Z,2022-06-15T162720Z,
caged,citylist,nullPython,0,1,0,1,60,null2017-04-28T144318Z,2018-02-18T205906Z,
caged,civil-rights,A look into education-based civil rights data for public schools released by the US Department of Education US Department of Education,Makefile,0,1,0,1,1724,null2015-08-09T035025Z,2018-02-18T205911Z,
caged,cocos2d-game,Xcode Template for cocos2d-based iPhone games  Includes cocos2d 063  the Chipmunk physics engine,Objective-C,2,16,0,16,440,null2009-02-03T185059Z,2019-08-13T135813Z,
caged,color-wander,art Generative artwork in nodebrowser based on a seeded random,JavaScript,0,1,0,1,35497,MIT License,2016-09-05T193921Z,2018-07-23T024016Z,
caged,compass,Compass is a Stylesheet Authoring Environment that makes your website design simpler to implement and easier to maintain,Ruby,0,2,0,2,9767,Other,2011-07-02T190125Z,2018-02-18T205936Z,
caged,concurrent-nsoperation,Concurrent NSOperation Sample,Objective-C,1,7,0,7,342,null2009-06-21T193909Z,2018-03-14T225533Z,
caged,construction,nullMakefile,0,1,0,1,192,null2015-09-13T154912Z,2018-02-18T205946Z,
caged,cortex-reference,Quick reference for Neural DSP Quad Cortex,JavaScript,0,0,0,0,326,GNU Affero General Public License v30,2022-03-07T185459Z,2022-03-08T051507Z,
caged,council-report,Fetch and parse Portland City Council data,Ruby,4,4,0,4,286,null2014-05-21T024709Z,2018-02-18T205950Z,
caged,county-stat,Experiment for exploring aggregate census data  Counties-only for now,JavaScript,0,3,0,3,480,null2015-05-25T160344Z,2018-02-18T205954Z,
caged,css-demos,css-demos,CSS,0,0,0,0,2654,null2022-10-15T154954Z,2022-10-15T155003Z,
topfunky,ar_fixtures,Dumps YAML fixtures from existing data using ActiveRecord,Ruby,24,69,3,69,237,MIT License,2008-06-11T163727Z,2022-08-23T172542Z,
topfunky,basic_model,A very thin wrapper around CouchRest for use with CouchDB and Ruby on Rails,Ruby,12,51,2,51,87,null2008-09-14T045519Z,2019-08-13T133506Z,
topfunky,bigapp,An application with many files For testing only,Ruby,1,2,0,2,196,null2011-03-05T005018Z,2014-06-15T033609Z,
topfunky,blog-comments,Issues and comments related to the blog at httpswwwtopfunkycom,null0,2,1,2,0,null2016-09-21T215253Z,2018-02-18T211535Z,
topfunky,calendar_helper,Calendar-generating plugin for Ruby,Ruby,96,375,2,375,332,MIT License,2008-11-10T195622Z,2022-01-18T014433Z,
topfunky,cappuccino-couchdb,A class for working with CouchDB documents from CappuccinoObjective-J,Objective-J,6,65,0,65,1529,null2009-10-01T172252Z,2020-04-24T125229Z,
topfunky,CocoaHelpDemo,Demo application for generating bundled help documentation requires Flying Meats VoodoPad application,Objective-C,1,4,0,4,152,null2010-05-13T223148Z,2012-12-14T165048Z,
topfunky,consul,Consul is a distributed highly available and data center aware solution to connect and configure applications across dynamic distributed infrastructure,null0,0,0,0,321032,Mozilla Public License 20,2022-10-06T192829Z,2022-10-06T180414Z,
topfunky,css_graphs,Rails plugin for making HTML markup to display a bar graph,Ruby,1,1,0,1,124,MIT License,2013-07-19T210201Z,2018-02-18T211841Z,
topfunky,csv-clean,Command line tool to clean up malformed CSV files,Go,0,0,0,0,12,null2022-05-05T040544Z,2022-05-05T045503Z,
topfunky,demo-copy,nullnull0,0,0,0,0,null2021-09-02T191954Z,2021-09-02T192037Z,
topfunky,demo-mocha-watch-bug,A demo to show a bug in mochas --watch option,JavaScript,1,2,0,2,92,null2012-03-06T213429Z,2014-04-27T085932Z,
topfunky,demo-simplest-socket-io,Very simple socketio demo,JavaScript,3,5,1,5,94,null2012-03-22T205536Z,2018-02-18T211930Z,
topfunky,demo-terraform-101,Before and after demo code for the Terraform Introduction training course,JavaScript,0,0,0,0,3935,null2018-06-02T021939Z,2018-06-02T021941Z,
topfunky,demo-vows-callbacks,A demo for Rob Conery Nothing to see here,CoffeeScript,1,2,0,2,96,null2012-02-25T040120Z,2013-12-05T004229Z,
topfunky,dotfiles,nullnull0,0,0,0,3,null2021-06-23T185029Z,2021-06-23T185030Z,
topfunky,education-assignments,nullnull0,0,0,0,24,null2022-03-02T013456Z,2022-02-02T221521Z,
topfunky,ep_site,DynastyProcess EP site,null0,0,0,0,31947,Other,2021-12-19T053318Z,2021-12-19T053319Z,
topfunky,exercism-projects,My personal exercises on exercismio for learning new languages,Go,0,1,0,1,77,null2017-09-20T164607Z,2018-02-18T211951Z,
topfunky,ffsimulator,Simulate Fantasy Football Seasons,null0,0,0,0,34821,Other,2021-08-28T203431Z,2021-08-28T203432Z,
topfunky,geddy-coffee-script-demo,Demo app using CoffeeScript with the Geddy web framework for Nodejs,JavaScript,1,5,0,5,264,null2012-02-14T004727Z,2018-02-18T211959Z,
topfunky,gghighcontrast,A high contrast theme to use with the ggplot library for R,R,0,0,0,0,232,Other,2020-12-16T041245Z,2020-12-31T224241Z,
topfunky,gitignore,A collection of useful gitignore templates,null1,0,0,0,260,MIT License,2013-05-16T210344Z,2013-08-18T121424Z,
topfunky,golang-samples,Sample apps and code written for Google Cloud in the Go programming language,Go,0,0,0,0,16489,Apache License 20,2019-03-11T214003Z,2019-07-16T081149Z,
topfunky,good_form_builder,Form builder for Rails based on Khoi Vinhs Good Form,Ruby,1,16,0,16,92,null2008-12-22T081355Z,2019-08-13T134928Z,
topfunky,google-checkout,Experimental Google Checkout gem,Ruby,25,61,0,61,299,MIT License,2008-05-03T170750Z,2020-07-01T201113Z,
topfunky,gruff,Gruff graphing library for Ruby,Ruby,241,1278,19,1278,432084,MIT License,2008-03-11T220600Z,2022-11-13T071057Z,
topfunky,haikus-for-codespaces,nullnull0,0,0,0,242,MIT License,2021-06-23T180604Z,2021-06-23T180605Z,
topfunky,hello-demo,Simple Nodejs project for demonstrating integration with a CI server,JavaScript,1,1,1,1,468,null2013-12-13T055958Z,2020-05-24T184927Z,
topfunky,HelloPluralsightProject,Demonstration on how projects work at Pluralsight,JavaScript,0,0,0,0,87,MIT License,2019-07-29T145540Z,2019-07-29T145817Z,
anotherjesse,3fft,html5 audio mic + fft + threejs,JavaScript,1,0,0,0,242,null2021-11-14T051511Z,2021-11-14T052708Z,
anotherjesse,3linesball,nullJavaScript,0,0,0,0,256,null2021-11-07T174121Z,2021-11-07T174304Z,
anotherjesse,3monkey,threejs instancing controllers movescale webxr oculus,HTML,0,1,0,1,247,null2021-09-25T204241Z,2021-09-28T084739Z,
anotherjesse,3monkeyinflation,use webxr controllers to add monkeys to your scene,JavaScript,0,0,0,0,254,null2021-11-02T140017Z,2021-11-02T204255Z,
anotherjesse,3walker,the floor appears as you walk forward - threejs  weber,JavaScript,0,0,0,0,235,null2022-01-15T042642Z,2022-01-15T044435Z,
anotherjesse,action-transcription,A tool for creating a repository of transcribed videos ,null0,0,0,0,25,Apache License 20,2022-11-06T150336Z,2022-11-02T164030Z,
anotherjesse,action-transcription-demo,A tool for creating a repository of transcribed videos,Python,0,0,2,0,190,Apache License 20,2022-11-06T001737Z,2022-11-06T151919Z,
anotherjesse,AI-Render,Stable Diffusion in Blender,null0,0,0,0,5057,MIT License,2022-10-17T234355Z,2022-10-17T223652Z,
anotherjesse,ansible,Michaels copy of Ansible  Model-driven configuration management multi-node deployment and remote task execution system   Fork githubcomansibleansible instead,Python,0,1,0,1,8926,GNU General Public License v30,2012-08-06T041022Z,2021-03-26T151842Z,
anotherjesse,ansible-playbook-gitlab,Playbook for installing GitLab 51 on Debian unstable,null1,1,0,1,78,null2013-06-01T203011Z,2018-02-18T203436Z,
anotherjesse,ansiblegithubcom,ansiblegithubcom web site,JavaScript,1,0,0,0,4017,null2012-08-07T203436Z,2020-01-09T155652Z,
anotherjesse,automerge-demo,A simple demonstration of an Automerge-based web application,TypeScript,0,0,0,0,179,null2022-03-07T204300Z,2022-03-08T024015Z,
anotherjesse,automerge-svelte-todomvc,TodoMVC implemented in Svelte,TypeScript,0,0,0,0,1539,null2022-03-10T191442Z,2022-03-18T150837Z,
anotherjesse,automerge-todos-old,nullJavaScript,0,0,0,0,58,null2022-03-08T203931Z,2022-03-08T204101Z,
anotherjesse,barb,nullJavaScript,0,1,0,1,155,null2019-09-02T163959Z,2020-01-09T155635Z,
anotherjesse,bb-site,Book Burro website couchdb+sinatra,Ruby,4,5,0,5,1166,null2009-10-04T191835Z,2020-01-09T082033Z,
anotherjesse,beboist,A Rails plugin to work with the Bebo API,Ruby,2,2,0,2,96,null2008-07-28T234629Z,2019-08-13T133014Z,
anotherjesse,big-brother,use the iSight camera to remind you that you are being watched,Python,1,2,0,2,80,null2009-08-06T062135Z,2014-02-20T074345Z,
anotherjesse,bookburro,Book Burro for Firefox,JavaScript,8,16,0,16,228,GNU General Public License v30,2009-10-03T005730Z,2020-09-19T055915Z,
anotherjesse,caltrain,source of caltrainappcom,JavaScript,2,2,0,2,148,null2008-06-24T231843Z,2019-08-13T132732Z,
anotherjesse,chrome-s3,chrome extension to browse Amazon S3,JavaScript,14,5,0,5,299,GNU General Public License v30,2010-01-23T051659Z,2018-02-18T203511Z,
anotherjesse,chromr,flickr new tab ui,null4,6,0,6,96,GNU General Public License v30,2010-01-24T105416Z,2018-02-18T203515Z,
anotherjesse,cloudenvy,nullPython,1,1,0,1,127,null2012-09-25T183352Z,2018-02-18T203520Z,
anotherjesse,cog,Containers for machine learning,Python,0,0,5,0,2024,Apache License 20,2022-10-01T033905Z,2022-10-02T200547Z,
anotherjesse,cog-whisper,nullnull0,0,0,0,3187,MIT License,2022-11-01T140355Z,2022-10-26T064925Z,
anotherjesse,Cointoss-Ruby,Port of cointosswakingideascom to ruby,Ruby,1,1,0,1,87,null2009-09-14T011902Z,2020-01-09T154332Z,
anotherjesse,contacts,rails 21 + sproutcore,Ruby,2,4,0,4,92,null2008-11-02T101748Z,2020-01-09T115348Z,
anotherjesse,cuisine,Chef-like functionality for Fabric,Python,1,1,0,1,232,Other,2011-12-18T033021Z,2020-01-09T115346Z,
anotherjesse,diffusiondb,httpsletsm4keorgdiffusiondb,Svelte,0,1,0,1,41,null2022-11-06T233624Z,2022-11-07T031843Z,
anotherjesse,diffusiondb-api,nodejs http api for diffusiondb,JavaScript,0,2,0,2,37,null2022-11-07T002721Z,2022-11-08T040957Z,
roland,Carousel,Monotouch Carousel,null1,5,0,5,1424,null2011-07-18T033410Z,2018-09-02T222253Z,
roland,formflow,FormFlow,JavaScript,1,1,0,1,1476,GNU General Public License v20,2013-10-21T063611Z,2018-02-18T204654Z,
roland,HttpBuildQuery,Equivalent of http_build_query in PHP,C,2,6,2,6,104,null2012-03-08T221104Z,2019-08-09T102250Z,
roland,SHFB,Sandcastle Help File Builder SHFB  A standalone GUI Visual Studio integration package and MSBuild tasks providing full configuration and extensibility for building help files with the Sandcastle tools,C,0,1,0,1,16584,Other,2015-12-31T053651Z,2018-02-18T204702Z,
roland,ShowTracker,An Android App to manage your TV Shows,Java,1,2,0,2,308,null2012-04-10T202529Z,2020-09-22T160308Z,
roland,silentauction-php,nullPHP,0,1,0,1,136,null2015-10-09T204052Z,2018-02-18T204710Z,
roland,streamlit,nullPython,0,0,0,0,1,null2022-04-17T162824Z,2022-04-17T163807Z,
roland,TestServiceStackService,nullC,1,2,0,2,932,null2011-12-19T005439Z,2018-02-18T204714Z,
lukas,audio-super-res,Audio super resolution using neural networks,Python,1,0,0,0,59514,null2018-11-11T221602Z,2018-11-11T222727Z,
lukas,basic-yolo-keras,Easy training on custom dataset Various backends MobileNet and SqueezeNet supported A YOLO demo to detect raccoon run entirely in brower is accessible at httpsgitiovF7vI not on Windows,Jupyter Notebook,0,0,0,0,53381,MIT License,2018-02-22T025229Z,2018-02-22T025231Z,
lukas,car-project,nullnull0,0,0,0,0,null2018-07-27T130820Z,2018-07-27T130820Z,
lukas,catz,A machine learning contest to predict the behavior of catz,Python,2,0,0,0,15,MIT License,2019-05-09T234005Z,2019-05-13T012129Z,
lukas,colorizer,nullPython,17,1,1,1,6,null2018-08-09T155714Z,2020-12-16T143724Z,
lukas,container-demo,nullHTML,0,1,0,1,5,null2016-09-19T235938Z,2018-02-18T212239Z,
lukas,demo,ML Demo,Python,0,1,0,1,496,null2017-07-04T011041Z,2018-02-18T212243Z,
lukas,facerec,Face recognition using amazons Rekognition service,Python,15,27,1,27,7,null2017-02-27T044133Z,2020-02-29T075610Z,
lukas,face_classification,Real-time face detection and emotiongender classification using fer2013imdb datasets with a keras CNN model and openCV,Python,2,1,0,1,140792,MIT License,2018-02-14T021515Z,2020-12-16T143735Z,
lukas,heater,nullPython,0,1,0,1,4,null2019-03-18T061646Z,2020-12-16T143723Z,
lukas,hyperband,Tuning hyperparams fast with Hyperband,Python,0,0,0,0,379,Other,2018-02-28T005959Z,2018-02-28T010000Z,
lukas,keras,Deep Learning for humans,Python,5,5,0,5,12924,Other,2019-07-16T154536Z,2021-11-12T112339Z,
lukas,keras-audio,nullPython,16,2,1,2,112481,null2018-12-04T142855Z,2020-12-16T143711Z,
lukas,Keras-FCN-1,Keras-tensorflow implementation of Fully Convolutional Networks for Semantic SegmentationÔºàUnfinishedÔºâ,Python,1,1,0,1,6987,MIT License,2017-08-15T183632Z,2018-02-18T212257Z,
lukas,lassen,nullPython,0,2,0,2,5210,null2017-04-02T182647Z,2022-08-21T134641Z,
lukas,lukasgithubio,nullHTML,0,1,0,1,11,null2016-09-20T000302Z,2018-02-18T212306Z,
lukas,mailfactory,Create MIME email messages with multiple body parts and attachments in Ruby,Ruby,3,3,0,3,108,null2008-06-18T193849Z,2019-08-13T132705Z,
lukas,Manual,You were probably looking for our website this is it We moved our website here so you can see the insides of how we work,null1,0,0,0,519,null2018-08-14T205557Z,2018-08-14T205559Z,
lukas,ml-class,Machine learning lessons and teaching projects designed for engineers,Jupyter Notebook,1050,1816,9,1816,139523,GNU General Public License v20,2015-09-01T205250Z,2022-11-12T064420Z,
lukas,models,Models and examples built with TensorFlow,Python,0,0,0,0,576393,Apache License 20,2018-11-30T042052Z,2020-01-09T082013Z,
lukas,pachyderm,Reproducible Data Science at Scale,null0,1,0,1,238863,Other,2020-06-17T222427Z,2020-12-16T143708Z,
lukas,pytorch-yolo2,Convert httpspjreddiecomdarknetyolo into pytorch,Python,2,2,0,2,1228,MIT License,2018-11-18T025754Z,2020-12-16T143729Z,
lukas,react-vis,Data-Visualization oriented components,JavaScript,1,0,0,0,6832,MIT License,2018-03-09T225355Z,2018-03-09T225358Z,
lukas,rl-experiments,some reinforcement learning experiments,Python,0,1,0,1,5,null2019-05-26T231935Z,2019-07-10T043153Z,
lukas,robot,Simple library for controlling a raspberry pi based robot,Python,54,166,5,166,64,null2016-08-09T165021Z,2022-10-29T033430Z,
lukas,smile,Smile Classifier,Python,10,3,0,3,34555,null2018-02-07T211446Z,2018-04-24T145237Z,
lukas,sonnet,TensorFlow-based neural network library,Python,2,3,0,3,15075,Apache License 20,2019-07-28T154127Z,2020-12-16T143718Z,
lukas,test-vega,nullJupyter Notebook,0,1,0,1,11,null2019-08-17T011830Z,2020-12-16T143720Z,
lukas,vision-project,nullPython,77,17,0,17,261,null2018-03-16T050720Z,2020-12-16T143709Z,
lukas,yelp-project,nullPython,4,0,0,0,7,null2018-03-18T152206Z,2018-03-22T183812Z,
tomtt,afg,nullRuby,1,2,0,2,356,null2010-07-31T140434Z,2012-12-15T005620Z,
tomtt,ahoy,Analytics for Rails,Ruby,0,1,0,1,458,MIT License,2017-01-10T181242Z,2018-02-18T204721Z,
tomtt,angular-beatbox,A pattern-based drumming machine based on AngularJS,JavaScript,0,1,0,1,368,null2016-11-14T170952Z,2018-02-18T204725Z,
tomtt,bananajour,Local git repository hosting with a sexy web interface and bonjour discovery Its like your own little adhoc network-aware github,JavaScript,1,2,0,2,1209,null2009-06-11T085552Z,2012-12-12T224357Z,
tomtt,bandcamp,A utility to download the low quality mp3 files for a band on bandcampcom,Ruby,1,5,0,5,104,null2010-09-09T201719Z,2013-12-21T231308Z,
tomtt,bitcoin_test,nullnull0,1,0,1,0,null2014-10-05T120829Z,2018-02-18T204739Z,
tomtt,brainfuckr,A Ruby Brainfuck implementation,Ruby,1,2,0,2,100,MIT License,2010-06-27T235522Z,2014-02-18T115032Z,
tomtt,btc,Break the Chain web player for samba tunes of the Rhythms of Resistance network,JavaScript,1,1,0,1,543,null2014-11-05T090114Z,2018-02-18T204747Z,
tomtt,bulldoze_renamer,A power tool to rename files and names in a code project,Ruby,0,26,0,26,48,null2021-01-03T102750Z,2022-10-14T205831Z,
tomtt,contentapi-ruby,nullRuby,5,2,0,2,366,Other,2011-05-16T193532Z,2019-03-15T022633Z,
tomtt,copay,A multisignature wallet,null1,1,0,1,98804,MIT License,2014-11-06T152901Z,2018-02-18T204801Z,
tomtt,crabgrass-core,Crabgrass is a software libre web application designed for social networking group collaboration and network organizing Our goal is to create communication tools that are tailored specifically to meet the needs of bottom up grassroots organizing,Ruby,0,1,0,1,11437,null2016-06-19T144504Z,2018-02-18T204806Z,
tomtt,cucumber,BDD that talks to domain experts first and code second,Ruby,0,2,0,2,4107,MIT License,2009-04-07T013248Z,2019-08-13T141554Z,
tomtt,cucumber-skin,A cucumber formatter that generates html files to present test results,Ruby,1,3,0,3,108,null2009-03-25T144756Z,2019-08-13T141212Z,
tomtt,cuke-inspector,Inspect the steps in a cucumber suite,JavaScript,1,7,0,7,170,MIT License,2010-02-01T130441Z,2018-02-18T204833Z,
tomtt,custodian,A ruby wrapper for the Guardian API,Ruby,1,2,0,2,252,null2011-05-16T165815Z,2013-01-02T183220Z,
tomtt,cypress-on-rails,Use cypressio with your rails application,Ruby,0,0,0,0,27,null2018-07-25T105902Z,2019-04-26T075152Z,
tomtt,dotfiles,nullnull0,0,0,0,7,null2019-11-26T102430Z,2020-10-12T090925Z,
tomtt,elisp_behave,A fork of just the bahave files for emacs BDD from technomancys DotFiles,Emacs Lisp,2,3,0,3,80,null2008-05-13T180323Z,2019-08-13T132429Z,
tomtt,emacs-rails,Tomtts version of the minor mode for editing RubyOnRails code in Emacs,Emacs Lisp,48,65,1,65,945,null2008-03-10T173856Z,2020-06-08T033827Z,
tomtt,emacs-starter-kit,All the code you need to get started with an emphasis on dynamic languages,Emacs Lisp,2,4,0,4,231,null2008-12-19T185945Z,2019-08-13T134858Z,
tomtt,flocklocal,do goodfast,Ruby,1,4,0,4,5462,null2009-06-21T201415Z,2013-10-06T000945Z,
tomtt,git-money,Work from anywhere get paid bitcoin,HTML,1,1,0,1,6887,null2016-03-16T101016Z,2020-01-07T205403Z,
tomtt,GroenSubscription,nullCSS,0,1,0,1,385,Apache License 20,2018-01-26T161355Z,2018-04-25T233721Z,
tomtt,grog,A wrapper script for git-log - shows subject time and author of each commit plus branches and tags,Ruby,1,3,0,3,140,MIT License,2009-11-01T104310Z,2014-05-15T011600Z,
tomtt,hackday,A simple Rails app for storing projects made on a Hack Day,Ruby,1,2,0,2,3539,null2009-03-07T121112Z,2019-08-13T140722Z,
tomtt,hideguides,nullRuby,2,4,0,4,935,null2008-06-22T095841Z,2019-08-13T132720Z,
tomtt,homebrew,The missing package manager for OS X,Ruby,0,1,0,1,304,null2013-09-18T121104Z,2018-02-18T204951Z,
tomtt,homebrew-cask,A CLI workflow for the administration of Mac applications distributed as binaries,Ruby,0,1,0,1,42213,BSD 2-Clause "Simplified" License,2015-04-22T095418Z,2018-05-25T135551Z,
tomtt,homebrew-versions,Alternate versions of Casks for homebrew-cask,Ruby,1,1,0,1,1225,BSD 2-Clause "Simplified" License,2015-04-28T070555Z,2018-05-25T135157Z,
nitay,ai-deadlines,alarm_clock AI conference deadline countdowns ,HTML,0,0,0,0,584,null2019-07-26T041914Z,2021-11-19T173749Z,
nitay,mill,Your shiny new JavaScala build tool,null0,0,0,0,13264,Other,2022-02-28T013040Z,2022-02-27T224410Z,
nitay,pidoc,Raspberry Pi Cluster Emulation With Docker Compose,Dockerfile,0,0,0,0,206,MIT License,2020-07-05T163803Z,2022-01-27T153534Z,
nitay,prefect-ui,The home of the Prefect UI,null0,0,0,0,27584,Other,2022-03-07T183858Z,2022-03-07T183917Z,
nitay,raspi3-tutorial,Bare metal Raspberry Pi 3 tutorials,C,0,0,0,0,469,MIT License,2020-07-07T032506Z,2022-01-27T153624Z,
nitay,sonatype-yourkit,nullRuby,3,2,0,2,62132,null2013-03-26T160745Z,2019-08-13T151815Z,
kevwil,aspen,a JRuby web server similar to Thin,Java,6,57,6,57,5288,null2009-03-24T140556Z,2022-01-04T195042Z,
kevwil,c-ration,Configuration server based on typesafehubconfig and playframeworkplayframework which serves up static and dynamic config based on a file hierarchy,JavaScript,1,1,0,1,396,null2012-12-07T223632Z,2018-02-18T203647Z,
kevwil,c-ration-sample,Sample config repository for testing,null1,1,0,1,120,null2012-12-10T171916Z,2018-02-18T203651Z,
kevwil,c-ration-sample2,nullnull1,1,0,1,104,null2013-01-25T204255Z,2018-02-18T203655Z,
kevwil,climate_data,place to save some PDFs of denver area high temps,null0,0,0,0,272,null2019-07-12T204959Z,2019-07-12T205201Z,
kevwil,cloud9,Cloud9 IDE - Your code anywhere anytime Open Source Javascript IDE,JavaScript,1,3,0,3,107528,GNU General Public License v30,2012-07-03T161935Z,2022-01-03T203555Z,
kevwil,docker-java,Java Docker API Client,Java,0,0,0,0,4256,Apache License 20,2018-08-20T214337Z,2022-01-03T202905Z,
kevwil,easyhttp,A simplified wrapper around the core nodejs http client,JavaScript,2,4,0,4,110,null2012-01-20T181803Z,2022-01-03T202108Z,
kevwil,fabric,Simple Pythonic remote execution and deployment,Python,1,1,0,1,6713,BSD 2-Clause "Simplified" License,2013-06-20T161945Z,2022-01-03T203500Z,
kevwil,git-achievements,Aquire achievements while using git,HTML,1,1,0,1,649,null2013-03-06T140005Z,2018-02-18T203712Z,
kevwil,gityup-haskell,just like svnup-haskell but for git -,Haskell,1,1,0,1,1,null2013-03-05T221121Z,2018-02-18T203716Z,
kevwil,gityup-lua,given a directory full of Git working directories iterate through them and pull updates,Lua,1,2,0,2,454,null2011-12-21T145629Z,2022-01-23T084255Z,
kevwil,go-blog-cassandra,playing with Go using Revel for webREST and Cassandra for data,Go,2,0,0,0,200,null2014-01-14T172345Z,2022-01-03T204136Z,
kevwil,go-martini-cassandra,nullGo,1,1,0,1,180,null2015-01-16T150644Z,2022-01-03T204103Z,
kevwil,hapi-blog-cassandra,playing with Nodejs with Hapi framework for webREST and Cassandra for data,JavaScript,1,5,0,5,4,null2014-01-14T174711Z,2022-01-03T204044Z,
kevwil,hellotxt,HelloTxt Ruby clientlibrary,Ruby,1,4,0,4,121,null2008-12-25T154813Z,2022-01-03T201937Z,
kevwil,hipchat-java,Java client for the HipChat v2 API,Java,1,0,0,0,272,MIT License,2016-04-28T222148Z,2022-01-03T203103Z,
kevwil,homebrew,The missing package manager for OS X,Ruby,0,2,0,2,28966,null2012-03-20T165951Z,2022-01-03T203350Z,
kevwil,homebrew-cask,A CLI workflow for the administration of Mac applications distributed as binaries,Ruby,0,1,0,1,62890,BSD 2-Clause "Simplified" License,2016-05-17T151111Z,2022-01-03T202934Z,
kevwil,homebrew-patches,My "taps" for Mac Homebrew,Ruby,4,17,2,17,14,MIT License,2013-12-05T163724Z,2022-01-03T203800Z,
kevwil,hubot-scripts,optional scripts for hubot opt in via hubot-scriptsjson,CoffeeScript,1,1,0,1,3575,MIT License,2013-02-20T172830Z,2022-01-03T203317Z,
kevwil,indefatigable,http2 proxy written in Go,Go,1,1,0,1,120,null2015-03-16T200514Z,2018-02-18T203806Z,
kevwil,ingress-nginx,NGINX Ingress Controller for Kubernetes,null0,0,0,0,116100,Apache License 20,2020-12-04T162731Z,2022-01-03T202425Z,
kevwil,kevwilgithubio,my github pages site,HTML,1,3,0,3,138,null2008-12-22T155642Z,2020-01-11T190133Z,
kevwil,mcp,Master Control Program - an extensible collection of programs with a Git-like command pass-through,null1,1,0,1,104,null2013-04-25T194155Z,2018-02-18T203814Z,
kevwil,mimic,[ab]using Unicode to create tragedy,Python,1,1,0,1,583,null2015-11-19T163247Z,2022-01-03T203236Z,
kevwil,nh2,http2 proxy for tls termination and web acceleration,JavaScript,1,1,2,1,144,null2015-03-13T161706Z,2018-02-18T203822Z,
kevwil,pingfm,Pingfm Ruby Library,Ruby,1,2,0,2,138,null2009-04-03T025500Z,2022-01-03T203658Z,
kevwil,pipecleaner,filter for unix pipes and streams,JavaScript,1,1,0,1,260,Other,2013-02-11T211801Z,2018-02-18T203830Z,
kevwil,powerline-go, A beautiful and useful low-latency prompt for your shell written in go,Go,0,0,0,0,418,GNU General Public License v30,2019-02-14T204605Z,2022-01-03T202735Z,
KirinDave,arc,Paul Grahams Brand New Lisp,Arc,2,6,0,6,957,Other,2008-03-14T201358Z,2021-07-27T032955Z,
KirinDave,atm6-sky,nullJavaScript,0,0,0,0,2505,null2021-03-24T164101Z,2021-03-27T163104Z,
KirinDave,aws,Amazon Web Services for Haskell,Haskell,1,0,0,0,1302,BSD 3-Clause "New" or "Revised" License,2012-10-14T174211Z,2020-01-09T082043Z,
KirinDave,bilecast,A Podcast hosted by me and featuring Coda Hale and Cliff Moon and guests,null1,3,0,3,13368,null2009-03-12T171811Z,2020-01-09T082039Z,
KirinDave,bus-scheme,a Scheme written in Ruby but implemented on the bus,Ruby,2,3,0,3,190,BSD 3-Clause "New" or "Revised" License,2008-02-06T182852Z,2019-08-13T132126Z,
KirinDave,classifier,A general classifier module to allow Bayesian and other types of classifications,Ruby,2,5,0,5,85,Other,2008-05-05T172733Z,2019-08-13T132405Z,
KirinDave,Clipping,A simple persistent variable library,Scala,1,1,0,1,128,Apache License 20,2011-05-16T231816Z,2020-01-09T082040Z,
KirinDave,clj-interface,Clojure wrapper for Erlangs JInterface,null2,2,0,2,94,GNU Affero General Public License v30,2009-11-19T170405Z,2018-02-18T210322Z,
KirinDave,clj-mixpanel,Clojure interface for sending events to Mixpanel,Clojure,1,1,0,1,117,null2014-01-13T234231Z,2018-02-18T210330Z,
KirinDave,clj-msgpack,Binary serialization of Clojure objects using MessagePack,Clojure,1,2,0,2,114,MIT License,2012-06-18T205440Z,2018-02-18T210334Z,
KirinDave,clj-time,A date and time library for Clojure wrapping the Joda Time library,Clojure,195,48,3,48,38,Other,2010-03-28T204448Z,2021-03-03T152056Z,
KirinDave,Clothesline,Prototype port of webmachine to clojurejava for API developers,Clojure,3,12,0,12,223,BSD 3-Clause "New" or "Revised" License,2011-05-16T231756Z,2021-05-20T124155Z,
KirinDave,dcpu16-hs,Haskell implementation of Notchs dcpu-16 specification assembler emulator,Haskell,1,2,0,2,847,Other,2012-04-12T221354Z,2018-02-18T210346Z,
KirinDave,discourse,A platform for community discussion Free open simple,JavaScript,0,1,0,1,25605,GNU General Public License v20,2013-09-18T004640Z,2018-02-18T210351Z,
KirinDave,dot-emacs,My dotemacs stuff Its not beautiful but its functional,Emacs Lisp,1,2,0,2,2044,null2010-01-27T000436Z,2018-02-18T210355Z,
KirinDave,dynomite,Open source dynamo clone written in Erlang,Erlang,1,3,0,3,195,BSD 3-Clause "New" or "Revised" License,2008-07-09T230857Z,2019-08-13T132849Z,
KirinDave,Emacs-Of-The-Future,Updating my emacs dotfiles distribution These are much more up to date,Emacs Lisp,3,5,3,5,61628,null2011-09-24T182611Z,2020-01-09T154341Z,
KirinDave,Enigmatica2Expert,The official repository and issue-tracker for Enigmatica 2 Expert,null0,0,0,0,31,null2018-12-25T031459Z,2021-12-31T115645Z,
KirinDave,ensime,Enhanced Scala Interaction Mode for Emacs,Emacs Lisp,1,2,0,2,30554,GNU General Public License v30,2010-12-13T223010Z,2021-12-13T222613Z,
KirinDave,Equivalent-Exchange-3,nullJava,2,1,1,1,11704,GNU Lesser General Public License v30,2014-02-19T015950Z,2018-02-18T210411Z,
KirinDave,erlectricity,Erlectricity exposes Ruby to Erlang and vice versa,Ruby,1,6,0,6,104,null2008-03-08T013213Z,2020-01-09T082031Z,
KirinDave,erlenmeyer,A binding between erlang and mzscheme,Scheme,6,6,0,6,103,null2008-02-28T031749Z,2020-01-09T082029Z,
KirinDave,eventsource-broker,EventSource Broker - bridges between EventSource and RabbitMQ,Haskell,1,1,0,1,86,null2011-09-06T153255Z,2020-01-09T082048Z,
KirinDave,example-chat,A simple example of a chat server in Clojure that I intend to blog about,Clojure,1,12,0,12,72,null2009-12-06T215146Z,2020-01-09T082045Z,
KirinDave,fabric-template,Look I told you Im back on my bullshit I dont expect you to understand ,Java,0,0,0,0,78,Creative Commons Zero v10 Universal,2022-08-03T015304Z,2022-08-03T015411Z,
KirinDave,fake-tpw,nullnull1,3,0,3,119,null2008-11-17T214530Z,2020-01-09T082048Z,
KirinDave,Fanboy,An irc bot in haskell experimental in nature using WAY OVERSPECD tools,Haskell,1,3,0,3,136,BSD 3-Clause "New" or "Revised" License,2011-09-05T072949Z,2018-02-18T210436Z,
KirinDave,fish-nuggets,Completions code snippets helping you to get even more out of the amazing Fish shell,null1,2,0,2,103,null2012-06-08T221050Z,2018-02-18T210440Z,
KirinDave,fuzed,A new revision of Fuzed the Erlang-based frontend for web apps Check out the mailing list at httpgroupsgooglecomgroupfuzed,Erlang,23,274,3,274,1406,Other,2008-05-03T044937Z,2022-06-26T022114Z,
KirinDave,fuzed-old,An integrated replacement for Mongrel+Revproxy systems in erlang,Ruby,4,16,1,16,492,BSD 3-Clause "New" or "Revised" License,2008-02-17T050516Z,2021-07-13T192105Z,
jamesgolick,action_mailer_verp,Send VERP emails with actionmailer httpenwikipediaorgwikiVariable_envelope_return_path,Ruby,3,7,0,7,148,MIT License,2010-09-05T221718Z,2018-04-25T191605Z,
jamesgolick,action_messager,Dead simple IM notifications for your app,Ruby,3,43,0,43,91,Other,2008-04-06T194107Z,2022-01-25T112126Z,
jamesgolick,activerecordless_migrations,nullRuby,2,2,0,2,92,null2012-03-26T171612Z,2019-01-05T132451Z,
jamesgolick,active_presenter,The presenter library you already know,Ruby,45,301,5,301,225,MIT License,2008-07-26T141016Z,2022-06-16T043319Z,
jamesgolick,always_verify_ssl_certificates,Rubys nethttp is setup to never verify SSL certificates by default Most ruby libraries do the same That means that youre not verifying the identity of the server youre communicating with and are therefore exposed to man in the middle attacks This gem monkey-patches nethttp to force certificate verification and make turning it off impossible ,Ruby,16,97,4,97,602,MIT License,2010-12-08T012611Z,2022-01-27T091341Z,
jamesgolick,apns4erl,Apple Push Notification Server for Erlang,Erlang,1,0,0,0,183,MIT License,2012-08-12T200327Z,2019-12-12T154332Z,
jamesgolick,attribute_fu,a better version of this functionality is in rails 23 use that,Ruby,21,99,3,99,185,MIT License,2008-04-03T001453Z,2019-08-13T132230Z,
jamesgolick,blank,Blank is GiraffeSoft‚Äôs blank rails starter app,Ruby,8,61,0,61,5928,MIT License,2008-09-12T162308Z,2019-08-22T010159Z,
jamesgolick,browsermob-proxy,A free utility to help web developers watch and manipulate network traffic from their web applications,Java,1,2,0,2,2136,Apache License 20,2011-09-07T204624Z,2018-04-25T191616Z,
jamesgolick,cassandra,A Ruby client for the Cassandra distributed database,Ruby,2,1,0,1,242,Apache License 20,2009-08-28T021031Z,2018-04-05T215409Z,
jamesgolick,cassandra-munin-plugins,Munin plugins for apache cassandra,null19,42,3,42,198,null2010-05-04T042406Z,2022-03-29T213149Z,
jamesgolick,cassandra_object,A library for persisting your objects into cassandra,Ruby,1,2,0,2,220,ISC License,2009-08-26T144949Z,2018-04-05T215353Z,
jamesgolick,cassie,Another Cassandra client for Scala This one does what I want,Scala,2,3,0,3,1713,MIT License,2010-04-29T060650Z,2018-04-25T191601Z,
jamesgolick,chef,A systems integration framework built to bring the benefits of configuration management to your entire infrastructure,Ruby,2,2,0,2,30644,Apache License 20,2009-10-27T201628Z,2018-04-25T191551Z,
jamesgolick,classy_resources,Think resource_controller except for sinatra,Ruby,7,41,0,41,124,MIT License,2009-01-28T002008Z,2019-08-13T135638Z,
jamesgolick,client_proxy,Basic ruby proxy class to use around service clients that handles retrying requests and failover,Ruby,2,1,0,1,100,MIT License,2010-09-08T224658Z,2018-04-25T191605Z,
jamesgolick,conductor,Build clusters in the cloud with conductor,Ruby,2,48,0,48,6228,MIT License,2009-07-03T190941Z,2019-08-13T142647Z,
jamesgolick,conductor-rails,A rails stack for conductor,Ruby,3,12,0,12,135,Other,2009-09-28T165258Z,2019-08-13T142819Z,
jamesgolick,context,A super tight library to add contexts to tests,Ruby,1,3,0,3,199,MIT License,2009-01-16T190711Z,2019-08-13T135411Z,
jamesgolick,dash-ruby,FiveRuns Dash core library for Ruby,Ruby,2,1,0,1,340,null2009-10-06T132304Z,2018-04-25T191551Z,
jamesgolick,degrade,Keep track of service error rates using redis Degrade functionality if theyre too high,Ruby,10,314,2,314,112,MIT License,2010-07-18T064958Z,2022-10-01T173928Z,
jamesgolick,delayed_job,Database based asynchronously priority queue system -- Extracted from Shopify ,Ruby,3,2,0,2,2619,MIT License,2008-11-08T134012Z,2020-01-09T082017Z,
jamesgolick,dirty_callbacks,nullRuby,2,6,0,6,76,MIT License,2009-08-05T194644Z,2020-01-09T082019Z,
jamesgolick,dm-yaml-adapter,a YAML adapter for DataMapper this slow adapter allows you to use DataMapper with YAML files as a backing store,Ruby,2,1,0,1,92,null2009-06-16T150613Z,2018-04-25T191546Z,
jamesgolick,dotfiles,nullVimL,4,17,0,17,749,null2008-11-04T005939Z,2019-08-13T134049Z,
jamesgolick,enum_field,nullRuby,19,53,2,53,131,MIT License,2008-01-22T015415Z,2022-01-19T175319Z,
jamesgolick,erl-dns,DNS server in erlang,JavaScript,1,1,0,1,464,null2012-08-24T224156Z,2018-02-18T212532Z,
jamesgolick,erlang-mysql-driver,Erlang MySQL Driver from codegooglecom,Erlang,2,5,1,5,382,Other,2012-06-25T190303Z,2020-10-14T152009Z,
jamesgolick,erlang-thrift,nullErlang,2,1,0,1,407,Apache License 20,2012-07-16T172747Z,2018-04-25T191621Z,
jamesgolick,erlcloud,Cloud Computing library for erlang Amazon EC2 S3 SQS SimpleDB Mechanical Turk ELB,Erlang,2,1,0,1,1129,Other,2012-07-12T232144Z,2018-04-25T191621Z,
atmos,aloha_2009,my talk on open source business models and independent record labels,null2,1,0,1,80804,null2009-09-09T073619Z,2018-03-25T124953Z,
atmos,appsly-android-rest,An Android client library for RESTful based web services,Java,2,1,0,1,652,null2014-02-04T192917Z,2020-03-16T123329Z,
atmos,as_time_goes_by,an example sinatrarspecdatamapperwebrat app with selenium built in,Ruby,2,6,0,6,80,null2009-02-12T012418Z,2019-08-13T140017Z,
atmos,atmos-dot-org-netlify,nullCSS,0,1,3,1,10928,null2018-03-18T171806Z,2020-01-09T154348Z,
atmos,atmos-rails,A simple rails 4 template for resque and github oauth,Ruby,4,4,0,4,197,MIT License,2013-10-10T030951Z,2019-08-13T152801Z,
atmos,atmosgithubio,nullHTML,56,32,2,32,740,MIT License,2008-12-17T072239Z,2022-01-01T194042Z,
atmos,atmosorg,redirect shit from heroku to github pages,JavaScript,2,2,0,2,96,null2011-08-25T112723Z,2018-02-18T204405Z,
atmos,atmosorg-redirector,redirect atmosorg on ec2 to wwwatmosorg on github,Ruby,2,2,0,2,682,null2010-01-09T201109Z,2018-02-18T204408Z,
atmos,braintree_transparent_redirect_slice,A slice for interfacing with braintrees transparent redirect stuff in a merb app,Ruby,1,4,0,4,148,MIT License,2009-01-03T004212Z,2019-08-13T135109Z,
atmos,brute-force-your-router,nullLua,4,5,0,5,116,MIT License,2014-12-26T233802Z,2016-02-11T171440Z,
atmos,bugzilla,Read-only mirror of Bugzilla source from gitmozillaorgbugzillabugzillagit,Perl,1,1,0,1,17538,null2014-05-28T172454Z,2018-02-18T204515Z,
atmos,bundler,Manage your applications gem dependencies with less pain,Ruby,0,2,0,2,6995,MIT License,2010-10-06T021737Z,2020-01-10T011124Z,
atmos,bundler-site,nullRuby,1,2,0,2,294,null2010-09-09T081024Z,2020-01-10T010934Z,
atmos,butt,Unofficial fork of httpdanielnoethende,C++,2,5,0,5,246,GNU General Public License v20,2012-12-26T032922Z,2019-08-27T183221Z,
atmos,camo,lock an http proxy to route images through SSL,CoffeeScript,376,1715,25,1715,215,MIT License,2010-11-13T025646Z,2022-11-10T020413Z,
atmos,campfiyah,Faraday API for Campfire,Ruby,2,2,0,2,316,MIT License,2013-04-09T213352Z,2018-02-18T204535Z,
atmos,capybara-standalone,rspec2 and capybara testing a simple example,Ruby,2,8,0,8,90,null2010-12-14T071135Z,2021-01-13T193019Z,
atmos,charlock_holmes,Character encoding detection brought to you by ICU,Ruby,1,2,0,2,35513,MIT License,2012-10-08T235347Z,2013-12-27T170602Z,
atmos,chef,A systems integration framework built to bring the benefits of configuration management to your entire infrastructure,Ruby,1,3,0,3,38277,Apache License 20,2010-08-08T235946Z,2018-02-18T204556Z,
atmos,ciderapporg,the site that serves up your recipes,Ruby,2,10,0,10,694,MIT License,2010-05-22T214648Z,2021-01-13T192904Z,
atmos,cinderella,how your apple laptop should work,Ruby,1,4,0,4,1147,MIT License,2010-08-31T231002Z,2018-02-18T204603Z,
atmos,connect,Connect is a middleware layer for Nodejs,JavaScript,1,2,0,2,3007,null2010-08-22T193734Z,2018-02-18T204607Z,
atmos,connect-auth,Authentication middleware for connect,JavaScript,1,3,0,3,247,null2010-08-23T212605Z,2018-02-18T204611Z,
atmos,conveyor,A fast build system for Docker images,Go,1,1,0,1,1331,BSD 2-Clause "Simplified" License,2016-02-07T035050Z,2018-02-18T204615Z,
atmos,developergithubcom,GitHub API documentation,Ruby,0,1,0,1,4206,null2013-03-15T035546Z,2017-01-09T102954Z,
atmos,django-headcrumbs,Smart and easy-to-use breadcrumbs for Django,Python,0,1,0,1,83,Other,2013-03-08T172344Z,2018-02-18T204623Z,
atmos,djcharts-menubar,djchartsio menubar item,Objective-C,1,3,0,3,9244,MIT License,2014-12-10T035902Z,2018-02-18T204628Z,
atmos,docker-unifi-controller,nullnull2,0,0,0,3,null2016-02-17T011808Z,2018-03-01T052533Z,
atmos,dot_xen,parsing xens xen files for reading and writing,Ruby,3,12,0,12,108,MIT License,2008-06-28T193104Z,2019-08-13T132752Z,
atmos,elasticsearch-client,nullRuby,1,2,0,2,99,MIT License,2012-06-12T232517Z,2018-02-18T204641Z,
errfree,test,nullnull0,1,0,1,48,null2011-08-27T040847Z,2022-10-08T002758Z,
errfree,test1,nullnull0,3,0,3,48,null2010-07-22T004028Z,2022-10-08T002817Z,
mojodna,AaronCam,Camera + Flickr app skeleton,Objective-C,1,2,0,2,244,null2011-09-11T201102Z,2018-02-18T203226Z,
mojodna,abaculus,Library for creating static maps from tiles based on center or corner lnglat coordinates Uses node-blend,JavaScript,1,1,0,1,312,null2015-06-02T222349Z,2018-02-18T203230Z,
mojodna,accelerometer,D3 accelerometer vis + Node websocket server,HTML,0,1,0,1,2,null2017-01-12T195645Z,2018-05-18T041048Z,
mojodna,active_queue,A toolkit for queueing tasks and creating worker processes,Ruby,2,19,0,19,92,MIT License,2008-11-15T005112Z,2019-08-13T134245Z,
mojodna,amazon-ecs-cli,The Amazon ECS CLI enables users to run their applications on ECSFargate using the Docker Compose file format quickly provision resources pushpull images in ECR and monitor running applications on ECSFargate,Go,0,0,0,0,10914,Other,2018-09-30T030306Z,2018-09-30T030309Z,
mojodna,anemone,Web Hook servicer  batch request system,Ruby,1,3,0,3,80,null2009-03-20T050811Z,2019-08-13T141045Z,
mojodna,annotate_models,git-svn clone of httprepopragprogcomsvnPublicpluginsannotate_models,Ruby,1,2,0,2,101,null2008-11-24T020249Z,2019-08-13T134401Z,
mojodna,asi-http-request,Easy to use CFNetwork wrapper for HTTP requests Objective-C  Mac OS X and iPhone,Objective-C,1,6,0,6,6556,Other,2011-01-12T002316Z,2018-02-18T203250Z,
mojodna,augdiff-pipeline,Generate Augmented Diffs of OpenStreetMap from minutely replication files,Shell,0,0,0,0,183,Apache License 20,2018-04-11T234738Z,2018-04-11T234740Z,
mojodna,aws-cli,Universal Command Line Interface for Amazon Web Services,null0,0,0,0,53201,Other,2021-03-03T212726Z,2021-03-03T212729Z,
mojodna,awsgi,A WSGI gateway for the AWS API GatewayLambda proxy integration,Python,0,1,0,1,8,MIT License,2017-01-25T201037Z,2018-02-18T203254Z,
mojodna,bamboo-shooter,demo PubSub for Pandas,Ruby,1,3,0,3,84,null2009-03-05T223322Z,2019-08-13T140653Z,
mojodna,bound-dms,Bound is a document management system allowing collaboration and control of document translation projects,JavaScript,0,0,0,0,2238,BSD 3-Clause "New" or "Revised" License,2018-04-25T175125Z,2018-04-25T175128Z,
mojodna,caliparksorg,Mapping social media in parks and other open spaces,JavaScript,0,1,0,1,193358,null2017-11-23T002124Z,2018-02-18T203302Z,
mojodna,CameraCalibration,nullPython,0,1,0,1,78363,null2016-09-28T083925Z,2018-02-18T203306Z,
mojodna,carbon-components-vue,Vue implementation of the Carbon Design System,JavaScript,0,0,0,0,153595,Apache License 20,2019-04-17T022009Z,2019-04-17T022013Z,
mojodna,carto,hyperspeed CSS-like map styling,JavaScript,2,1,1,1,20198,Apache License 20,2013-03-10T174157Z,2018-02-18T203310Z,
mojodna,cartodb,Geospatial database for the cloud,null1,1,0,1,207941,BSD 3-Clause "New" or "Revised" License,2014-08-13T211518Z,2018-02-18T203314Z,
mojodna,CartoDB-basemaps,CartoDB basemaps,JavaScript,1,1,0,1,26677,Other,2014-12-02T220026Z,2021-12-21T012114Z,
mojodna,CartoDB-SQL-API,CartoDB SQL API,JavaScript,1,1,0,1,1189,BSD 3-Clause "New" or "Revised" License,2015-01-05T200929Z,2018-02-18T203323Z,
mojodna,cartodbjs,CartoDB javascript library,JavaScript,1,1,0,1,26999,BSD 3-Clause "New" or "Revised" License,2015-11-20T063609Z,2018-02-18T203326Z,
mojodna,Cascadenik,Cascading Sheets Of Style for Mapnik,Python,1,1,0,1,2266,BSD 3-Clause "New" or "Revised" License,2013-03-28T190414Z,2018-02-18T203331Z,
mojodna,changeset-replay-tool,nullJavaScript,1,3,0,3,52,null2016-03-22T151926Z,2018-02-18T203335Z,
mojodna,ckanapi,A command line interface and Python module for accessing the CKAN Action API,Python,0,1,0,1,263,Other,2017-04-19T205128Z,2018-02-18T203339Z,
mojodna,ClusterODM,A NodeODM API compatible reverse proxy load balancer and task tracker for easy horizontal scaling ‚ôÜ,JavaScript,0,0,0,0,169,GNU Affero General Public License v30,2019-05-29T223355Z,2019-05-29T223357Z,
mojodna,collectd-write_graphite,Graphite output plugin for collectd,C,1,1,0,1,135,null2013-01-21T204455Z,2018-02-18T203343Z,
mojodna,commanderjs,nodejs command-line interfaces made easy,JavaScript,1,1,0,1,217,null2013-09-10T214646Z,2018-02-18T203347Z,
mojodna,convoxgithubio,Convox Docs,JavaScript,1,1,0,1,2815,Apache License 20,2015-09-23T184127Z,2021-05-11T184343Z,
mojodna,crud_controller,Abstract resource controller + generator for Rails,null1,3,0,3,80,null2008-11-24T014013Z,2019-08-13T134401Z,
mojodna,cugosgithubcom,cugos github pages,null1,1,1,1,30152,null2014-08-21T231722Z,2018-02-18T203359Z,
bmizerany,amazon-ec2,A Ruby Gem that gives you full access to the Amazon EC2 API from your RubyRuby on Rails apps,Ruby,2,1,0,1,1239,Other,2009-08-29T190650Z,2021-01-12T214810Z,
bmizerany,amqp,AMQP client implementation in RubyEventMachine,Ruby,1,4,0,4,429,null2008-10-23T073448Z,2019-08-13T133909Z,
bmizerany,assert,Asserts to Go testing,Go,39,141,6,141,32,null2010-11-24T020549Z,2021-12-17T091040Z,
bmizerany,attrubates,Arrtubates sets meta on meta for objects and adds additional rendering helpers for ActionControllerBase in Rails,Ruby,1,3,0,3,112,MIT License,2008-03-25T221600Z,2019-08-13T132219Z,
bmizerany,aws,An old simple AWS client in Go use bmizeranyaws4 for more up to date aws usage,Go,9,25,2,25,127,null2011-12-13T012109Z,2021-02-11T174631Z,
bmizerany,awsgo,nullGo,2,2,0,2,103,null2012-03-06T231644Z,2018-05-15T042652Z,
bmizerany,aws4,A Go package for AWS Signature version 4 ,Go,26,73,5,73,515,null2012-08-17T174126Z,2021-11-29T074305Z,
bmizerany,bacon,a small RSpec clone,Ruby,1,2,0,2,121,Other,2009-11-06T223911Z,2021-01-12T214801Z,
bmizerany,bang,banger,Ruby,1,1,0,1,76,null2009-09-01T004114Z,2021-01-12T214806Z,
bmizerany,beldam,clean easy ec2 wrapper,Ruby,1,14,0,14,104,null2009-03-30T070034Z,2019-08-13T141334Z,
bmizerany,cache,go run blakeiocache run tailwindcss|,Go,0,0,0,0,1,null2021-12-26T073416Z,2021-12-26T075708Z,
bmizerany,capistrano-bells,A bunch of recipes to help you deploy a Rails app,Ruby,2,4,0,4,89,MIT License,2008-04-07T211440Z,2019-08-13T132241Z,
bmizerany,cheat,Cheating is fun,Ruby,1,2,0,2,101,MIT License,2008-04-23T223822Z,2019-08-13T132331Z,
bmizerany,chef,A systems integration framework built to bring the benefits of configuration management to your entire infrastructure,Ruby,1,3,0,3,12511,Apache License 20,2009-01-26T022202Z,2019-08-13T135612Z,
bmizerany,cloudquery,Ruby client for the Xoopit search API,Ruby,1,2,0,2,110,MIT License,2009-05-27T030754Z,2021-01-12T214814Z,
bmizerany,contest,Write more readable tests in TestUnit with this tiny script,Ruby,1,1,0,1,89,MIT License,2009-11-06T223640Z,2021-01-12T214813Z,
bmizerany,coral,Git-powered alternative to RubyGems,Ruby,1,2,0,2,90,null2009-01-28T232638Z,2019-08-13T135654Z,
bmizerany,coreup,nullGo,1,0,0,0,141,null2014-03-31T061158Z,2021-01-12T214423Z,
bmizerany,couchdb-simple-demo,Simple CouchDB demo,Ruby,1,1,0,1,85,null2009-07-25T002149Z,2021-01-12T214813Z,
bmizerany,delayed_job,Database backed asynchronous priority queue -- Extracted from Shopify ,Ruby,0,2,0,2,2683,MIT License,2009-04-29T214045Z,2019-08-13T142225Z,
bmizerany,describe-tag,nullGo,1,0,0,0,110,null2014-03-06T083212Z,2021-01-12T214425Z,
bmizerany,diff,dont use this,Go,0,0,0,0,97,MIT License,2022-02-02T064814Z,2022-02-02T065134Z,
bmizerany,domainy,for getting the base of a domain,Ruby,5,4,0,4,79,null2009-12-14T064727Z,2018-05-24T044041Z,
bmizerany,doozer-bench,bechmark the doozerz,Go,1,1,0,1,100,null2011-05-11T010707Z,2021-01-12T214503Z,
bmizerany,doozerd,A consistent distributed data store,Go,1,5,0,5,3108,MIT License,2011-04-19T035816Z,2019-10-23T030436Z,
bmizerany,dotfiles,rtomayko,Perl,52,6,0,6,594,null2009-12-06T013608Z,2022-01-05T111036Z,
bmizerany,Elephant,An Adium Plugin for keeping realtime backupfull-text search of all chats,Objective-C,1,2,0,2,116,null2009-06-04T182224Z,2020-08-28T172309Z,
bmizerany,em-swirl,An evented Ruby EC2 driver for EventMachine,Ruby,1,12,0,12,88,MIT License,2011-02-22T200401Z,2021-01-13T193057Z,
bmizerany,em-syslog,Basic support for remote syslog in EM,Ruby,1,2,0,2,82,null2009-12-03T013404Z,2021-01-12T214809Z,
bmizerany,emacs,My Emacs config,Emacs Lisp,1,2,0,2,685,null2008-12-03T200908Z,2019-08-13T134525Z,
